key,cena,abs_rel,sq_rel,rmse,rmse_log,log10,d1,d2,d3,boundary_precision,boundary_recall,boundary_fscore,boundary_fmax,boundary_fmax_thresh,boundary_precision_at_fmax,boundary_recall_at_fmax,boundary_f_auc
seq0002__left_0001,seq0002,0.08145814388990402,0.049511104822158813,0.555416464805603,0.09911584854125977,0.03507217764854431,0.9835357666015625,0.9997673034667969,1.0,0.7711833119392395,0.8925341367721558,0.827433086246584,0.9910699387550829,0.02,0.9828887581825256,0.9993884563446045,0.7879665296470757
seq0002__left_0005,seq0002,0.07341346889734268,0.04112940654158592,0.5090944766998291,0.0897047221660614,0.031677089631557465,0.9889907836914062,0.9998092651367188,1.0,0.7694807052612305,0.8865090608596802,0.8238597017041844,0.9883149354404683,0.02,0.9780995845794678,0.9987459182739258,0.7874282766608862
seq0002__left_0009,seq0002,0.07960286736488342,0.04821348190307617,0.5538157224655151,0.09697863459587097,0.03432948887348175,0.9866371154785156,0.9998092651367188,1.0,0.7592938542366028,0.8656812906265259,0.8090049694337895,0.9872584516759751,0.02,0.9764499664306641,0.9983088970184326,0.7724763934939088
seq0002__left_0013,seq0002,0.08127748966217041,0.048698924481868744,0.5483624339103699,0.099092036485672,0.034918688237667084,0.9791603088378906,0.999755859375,1.0,0.7809900641441345,0.8783705830574036,0.8268229081619342,0.9861796150186789,0.02,0.9784057140350342,0.9940780401229858,0.7859747677230723
seq0002__left_0017,seq0002,0.08427250385284424,0.051729537546634674,0.5547940731048584,0.1040063351392746,0.03605777025222778,0.9691390991210938,0.999664306640625,1.0,0.7707403898239136,0.8660421967506409,0.8156168153333949,0.9899183996554669,0.02,0.981469988822937,0.9985135197639465,0.7799779183424856
seq0002__left_0021,seq0002,0.08699929714202881,0.06106306612491608,0.6451789140701294,0.10536316782236099,0.03714974969625473,0.9724998474121094,0.9997367858886719,1.0,0.7642017006874084,0.870195209980011,0.8137615227444364,0.9823494745096347,0.02,0.9781062602996826,0.9866296648979187,0.7824598895330008
seq0002__left_0025,seq0002,0.08268678188323975,0.05364280194044113,0.597993791103363,0.10021086782217026,0.0355440154671669,0.9787559509277344,0.9997787475585938,1.0,0.7660343647003174,0.8661580085754395,0.8130252422360513,0.9792532302337514,0.02,0.9751489758491516,0.9833921790122986,0.7833569810526535
seq0002__left_0029,seq0002,0.0786069929599762,0.047367967665195465,0.529313862323761,0.1005842462182045,0.033265817910432816,0.9528846740722656,0.9993247985839844,1.0,0.7655256986618042,0.8511043787002563,0.8060499223196317,0.975634486193809,0.02,0.970817506313324,0.9804995059967041,0.7726505947093136
seq0002__left_0033,seq0002,0.08704359829425812,0.06167498230934143,0.5739375352859497,0.11681284010410309,0.0359615758061409,0.9333839416503906,0.9947128295898438,0.9999008178710938,0.780120849609375,0.8287713527679443,0.8037105418223812,0.960371563202013,0.02,0.966372549533844,0.9544446468353271,0.749195557477982
seq0002__left_0037,seq0002,0.121333047747612,0.13224609196186066,0.8153939247131348,0.16746212542057037,0.048170849680900574,0.9215469360351562,0.9454536437988281,0.9964561462402344,0.769282877445221,0.787155032157898,0.778116344247003,0.9482417825177083,0.02,0.9651795029640198,0.9318882822990417,0.7136629876776295
seq0002__left_0041,seq0002,0.11528337001800537,0.1282530128955841,0.8624005317687988,0.16074952483177185,0.04587388038635254,0.9194488525390625,0.9491386413574219,0.9989852905273438,0.7686337828636169,0.8027617335319519,0.7853271586241354,0.9559438772095507,0.02,0.9648383855819702,0.9472118616104126,0.7119273068933182
seq0002__left_0045,seq0002,0.10980880260467529,0.11748311668634415,0.8178052306175232,0.155337393283844,0.043738946318626404,0.9221115112304688,0.9516067504882812,0.9993705749511719,0.7747286558151245,0.8022414445877075,0.7882450476972939,0.9529256059639366,0.02,0.964049220085144,0.9420557618141174,0.7107632832942006
seq0002__left_0049,seq0002,0.09357631206512451,0.06811600178480148,0.6046997904777527,0.12325777858495712,0.038686834275722504,0.9315414428710938,0.992095947265625,0.9999542236328125,0.790077805519104,0.8179208040237427,0.8037582496607011,0.9585312520870515,0.02,0.9666343331336975,0.9505628943443298,0.746572847576037
seq0002__left_0053,seq0002,0.07910063862800598,0.04609280079603195,0.5321943759918213,0.09738878905773163,0.03371739014983177,0.9704856872558594,0.9996261596679688,0.9999961853027344,0.796490490436554,0.8413370251655579,0.8182997701686463,0.9628620106864906,0.02,0.963345468044281,0.9623790383338928,0.7678109494352314
seq0002__left_0057,seq0002,0.08015518635511398,0.047235872596502304,0.5423876643180847,0.09671668708324432,0.03452369198203087,0.983673095703125,0.999847412109375,1.0,0.800620973110199,0.8618282079696655,0.8300978416318218,0.971854479824315,0.02,0.9660828709602356,0.9776954650878906,0.7824987801985701
seq0002__left_0061,seq0002,0.0847296416759491,0.05023738741874695,0.5437138676643372,0.1025313138961792,0.036408137530088425,0.9775161743164062,0.9998245239257812,1.0,0.792812705039978,0.8606451749801636,0.8253375395898406,0.9761052009121769,0.02,0.9663234949111938,0.9860869646072388,0.7814296149105197
seq0002__left_0065,seq0002,0.0814414918422699,0.04779217019677162,0.5378098487854004,0.09836262464523315,0.03512055426836014,0.9839668273925781,0.9998283386230469,1.0,0.7909091711044312,0.862377941608429,0.8250988200798096,0.9761363141232627,0.02,0.9668247699737549,0.9856289625167847,0.7833637104404592
seq0002__left_0069,seq0002,0.07894711196422577,0.045667845755815506,0.5296335816383362,0.09593413025140762,0.03399688005447388,0.9836845397949219,0.9998321533203125,1.0,0.7938971519470215,0.8679565787315369,0.8292766603319434,0.9735356145361993,0.02,0.9668194651603699,0.9803457260131836,0.7861061216154547
seq0002__left_0073,seq0002,0.08147038519382477,0.05019780248403549,0.5630016922950745,0.09844616055488586,0.03523319214582443,0.9883956909179688,0.9998092651367188,1.0,0.7869909405708313,0.8753595948219299,0.8288264793728922,0.9771477609893763,0.02,0.9679252505302429,0.9865477085113525,0.7891604571309494
seq0002__left_0077,seq0002,0.08114230632781982,0.049977608025074005,0.5644877552986145,0.09822390228509903,0.035081058740615845,0.9873275756835938,0.9998321533203125,1.0,0.7853687405586243,0.8727529048919678,0.8267582195968742,0.976056534503672,0.02,0.9665919542312622,0.9857082962989807,0.7861277554002387
seq0002__left_0081,seq0002,0.07683740556240082,0.04596177488565445,0.5497022867202759,0.09330408275127411,0.03318829834461212,0.9887542724609375,0.9998397827148438,1.0,0.7913239002227783,0.8717060685157776,0.8295723576274444,0.9780587127003225,0.02,0.9693592190742493,0.9869157671928406,0.7900145379100959
seq0002__left_0085,seq0002,0.08145848661661148,0.049783121794462204,0.5652533769607544,0.09763228893280029,0.035080716013908386,0.9841461181640625,0.9998130798339844,1.0,0.7933304905891418,0.8688995242118835,0.8293972310422996,0.9763025634201187,0.02,0.9683225154876709,0.9844152331352234,0.7896325647474105
seq0002__left_0089,seq0002,0.0862543135881424,0.055617935955524445,0.5862473249435425,0.10489780455827713,0.036592401564121246,0.9618186950683594,0.9993553161621094,0.9999923706054688,0.7950010299682617,0.8465373516082764,0.8199601958607085,0.9729445000714915,0.02,0.9699463248252869,0.9759612679481506,0.7648954340622103
seq0002__left_0093,seq0002,0.11851485073566437,0.1501198410987854,1.0138951539993286,0.16544964909553528,0.04725347086787224,0.8893699645996094,0.9497032165527344,0.9994049072265625,0.7731771469116211,0.7994571924209595,0.786097588809285,0.9563548214624334,0.02,0.9648436307907104,0.9480140805244446,0.6777271179813092
seq0002__left_0097,seq0002,0.10453201830387115,0.11911783367395401,0.9311115741729736,0.14684616029262543,0.04239155724644661,0.902099609375,0.9746437072753906,0.9999732971191406,0.7776640057563782,0.8171296119689941,0.7969084904820449,0.95793385785767,0.02,0.9634547829627991,0.9524758458137512,0.6992766809574383
seq0002__left_0101,seq0002,0.09904389083385468,0.09693629294633865,0.8010762333869934,0.13760511577129364,0.04025142267346382,0.9219932556152344,0.9792251586914062,0.9999847412109375,0.7728782296180725,0.8214353919029236,0.7964173709234013,0.9588384693106923,0.02,0.9651796221733093,0.9525800943374634,0.7128102796897406
seq0002__left_0105,seq0002,0.10012544691562653,0.10282251983880997,0.8375643491744995,0.14009056985378265,0.04064410924911499,0.9178276062011719,0.97772216796875,0.999969482421875,0.7712987065315247,0.8186898231506348,0.7942879962446469,0.9562476133772129,0.02,0.9630018472671509,0.9495874643325806,0.7085730444109196
seq0002__left_0109,seq0002,0.1144803911447525,0.1417187601327896,0.9981725215911865,0.16041387617588043,0.04597948491573334,0.8879356384277344,0.9547309875488281,0.9997711181640625,0.7749893069267273,0.7964549660682678,0.7855755278870941,0.955240500851862,0.02,0.9647654891014099,0.9459017515182495,0.6841391535617586
seq0002__left_0113,seq0002,0.08101771771907806,0.04907722771167755,0.5531967878341675,0.09881312400102615,0.034408047795295715,0.9682846069335938,0.999481201171875,0.9999923706054688,0.7894361615180969,0.8462039232254028,0.816834929937995,0.9685994133112332,0.02,0.9723433256149292,0.9648842215538025,0.766079810008563
seq0002__left_0117,seq0002,0.07322153449058533,0.03979477658867836,0.47811728715896606,0.09309026598930359,0.030993275344371796,0.9643478393554688,0.9994926452636719,1.0,0.7856068015098572,0.8571195006370544,0.8198065721930381,0.9702899935038501,0.02,0.9715457558631897,0.9690374732017517,0.7709955651684405
seq0002__left_0121,seq0002,0.0879444032907486,0.05802016332745552,0.5917006731033325,0.10931168496608734,0.03718603774905205,0.9473953247070312,0.9991722106933594,1.0,0.7720057964324951,0.8737817406654358,0.8197468426575555,0.9837070365003802,0.02,0.9708760380744934,0.9968817234039307,0.7760767451099884
seq0002__left_0125,seq0002,0.07908773422241211,0.0478266105055809,0.5128321051597595,0.1037779301404953,0.03309604153037071,0.9415855407714844,0.9989700317382812,1.0,0.7743604183197021,0.8540597558021545,0.8122597352733232,0.9788692123769412,0.02,0.9713230133056641,0.9865335822105408,0.763919111478345
seq0002__left_0129,seq0002,0.07464563101530075,0.041577063500881195,0.4921315014362335,0.09440162032842636,0.03195944428443909,0.9763107299804688,0.9997062683105469,1.0,0.7698801755905151,0.8581267595291138,0.8116117518340273,0.9878124364127037,0.02,0.9776584506034851,0.99817955493927,0.772182814621428
seq0004__left_0001,seq0004,0.12634806334972382,0.31879445910453796,2.5561792850494385,0.17982369661331177,0.05591820180416107,0.7766816020011902,0.9907486438751221,0.9982895255088806,0.3925400376319885,0.9993919730186462,0.5636789149126215,0.7704085405559511,0.02,0.6265565156936646,1.0,0.5670289455974553
seq0004__left_0005,seq0004,0.14801882207393646,0.4112514555454254,2.7321717739105225,0.2142997831106186,0.06635939329862595,0.7244798541069031,0.9379972219467163,0.9982565641403198,0.3704337477684021,0.9995036721229553,0.5405354811056247,0.7679485995096532,0.02,0.6233088970184326,1.0,0.5372389693337344
seq0004__left_0009,seq0004,0.12728920578956604,0.31384778022766113,2.590656042098999,0.17938794195652008,0.05653798207640648,0.7742027044296265,0.994990885257721,0.9982410073280334,0.38087213039398193,0.9992191791534424,0.5515210984402185,0.7616404447142354,0.02,0.6150398254394531,1.0,0.5649467062541514
seq0004__left_0013,seq0004,0.17656908929347992,0.5329669713973999,2.9403326511383057,0.25230249762535095,0.07978525757789612,0.6650012135505676,0.8945710062980652,0.9936829805374146,0.34284207224845886,0.9992228150367737,0.5105202047840143,0.7575446697190126,0.02,0.6097158193588257,1.0,0.5164985041795943
seq0004__left_0017,seq0004,0.1506887525320053,0.4062042236328125,2.698434352874756,0.21339163184165955,0.0674028992652893,0.7111507058143616,0.9510431289672852,0.9982700943946838,0.33956488966941833,0.9993761777877808,0.5068976817526745,0.7461894799649234,0.02,0.595137357711792,1.0,0.5189174597451536
seq0004__left_0021,seq0004,0.16139881312847137,0.45041343569755554,2.8048291206359863,0.22966471314430237,0.07265361398458481,0.6896853446960449,0.9247549176216125,0.9981544017791748,0.33515024185180664,0.9997206330299377,0.5020060265737799,0.7392648491508896,0.02,0.5863760113716125,1.0,0.5260404981791635
seq0004__left_0025,seq0004,0.1670229434967041,0.4620554745197296,2.81917667388916,0.23343349993228912,0.07518886029720306,0.67313152551651,0.9253700375556946,0.9977279901504517,0.321346253156662,0.9986861348152161,0.48623662635346737,0.7239171261891436,0.02,0.5672963261604309,1.0,0.5325703376514235
seq0004__left_0029,seq0004,0.2208939790725708,0.6958363652229309,3.1522979736328125,1.5909976959228516,0.16881877183914185,0.6087536215782166,0.8453156352043152,0.953869104385376,0.30570143461227417,0.9997124075889587,0.4682247227964113,0.7233451411797579,0.02,0.566594123840332,1.0,0.5314499754879141
seq0004__left_0033,seq0004,0.1137746050953865,0.3060903251171112,2.403362989425659,0.2194495052099228,0.04909002408385277,0.8898213505744934,0.9240837693214417,0.9864315986633301,0.5153149962425232,0.9862620830535889,0.6769358012059516,0.8432738504330711,0.02,0.7298255562782288,0.9984839558601379,0.7405637982520447
seq0004__left_0037,seq0004,0.1394922286272049,0.2673967480659485,2.4653773307800293,0.2152591198682785,0.05246860161423683,0.8478790521621704,0.8619543313980103,0.9953051805496216,0.4995517134666443,0.9318287968635559,0.6504163900113006,0.8900430789456287,0.02,0.8070239424705505,0.99210125207901,0.7249344909867721
seq0004__left_0041,seq0004,0.11496292054653168,0.19963882863521576,2.3393664360046387,0.15993307530879974,0.047221992164850235,0.8029077649116516,0.9933689832687378,0.9961378574371338,0.5317588448524475,0.9400985240936279,0.6792855282947372,0.8977135680249474,0.02,0.8234690427780151,0.9866726398468018,0.7407821195766755
seq0004__left_0045,seq0004,0.1729181706905365,0.28191906213760376,2.1953980922698975,0.22880323231220245,0.06671809405088425,0.7313723564147949,0.936671257019043,0.9949265122413635,0.5644969344139099,0.904204785823822,0.6950639774525682,0.9060762891608478,0.02,0.8520111441612244,0.9674678444862366,0.7725630246439744
seq0004__left_0049,seq0004,0.18040688335895538,0.2787530720233917,2.14162278175354,0.22270765900611877,0.07023985683917999,0.6864965558052063,0.9432555437088013,0.9963380694389343,0.5323120355606079,0.9073187708854675,0.6709730017860424,0.9062659302326593,0.02,0.8591952919960022,0.9587929844856262,0.7505004773198392
seq0004__left_0053,seq0004,0.1341664344072342,0.17592941224575043,1.792815923690796,0.16871465742588043,0.054596755653619766,0.8771213889122009,0.9943273663520813,0.9971193671226501,0.7136229276657104,0.7948870658874512,0.7520661282277662,0.9010815446879047,0.02,0.8842895030975342,0.9185236692428589,0.8117592794006631
seq0004__left_0057,seq0004,0.12953253090381622,0.15956443548202515,1.5776143074035645,0.15759500861167908,0.0532299242913723,0.8806238174438477,0.9953968524932861,0.9980159997940063,0.9340219497680664,0.5767078995704651,0.7131094113739815,0.897138004998674,0.02,0.9509108066558838,0.8491212725639343,0.7594711784732627
seq0004__left_0061,seq0004,0.13601627945899963,0.20620298385620117,1.855212926864624,0.16391092538833618,0.055390145629644394,0.859725296497345,0.9969899654388428,0.9991277456283569,0.8295289874076843,0.6779274940490723,0.7461051308504894,0.9106482296637477,0.02,0.967000424861908,0.8605022430419922,0.7619141761437299
seq0004__left_0065,seq0004,0.102695032954216,0.16312040388584137,1.6498596668243408,0.13270597159862518,0.04427650570869446,0.9304413795471191,0.9968840479850769,0.9985659122467041,0.8286210894584656,0.7759560346603394,0.8014242820085409,0.9493758012081873,0.02,0.9152108430862427,0.9861904382705688,0.7966732832828158
seq0004__left_0069,seq0004,0.15908168256282806,0.341470867395401,2.1994059085845947,0.2029716670513153,0.06961419433355331,0.6539267897605896,0.978420078754425,0.9979956746101379,0.8542755246162415,0.7097694277763367,0.7753468330212128,0.9356652860426024,0.02,0.8904331922531128,0.9857386946678162,0.7739126046733933
seq0004__left_0073,seq0004,0.13291646540164948,0.28040701150894165,2.1850759983062744,0.17208313941955566,0.05749950185418129,0.8530099391937256,0.9931326508522034,0.997905969619751,0.6579848527908325,0.6978715658187866,0.6773415137468073,0.9105233351174313,0.02,0.8469405174255371,0.984427809715271,0.7489991072660863
seq0004__left_0077,seq0004,0.09636666625738144,0.2516607642173767,2.608696699142456,0.13326333463191986,0.041559118777513504,0.9215632677078247,0.9957358837127686,0.9975066184997559,0.44445404410362244,0.7414966225624084,0.5557755172287376,0.8500547470011923,0.02,0.7531764507293701,0.9755340814590454,0.6813426440651994
seq0004__left_0081,seq0004,0.18711405992507935,0.6196871399879456,3.8501839637756348,0.20825578272342682,0.07827307283878326,0.7099518775939941,0.9893314242362976,0.9963802695274353,0.5790084600448608,0.6918054819107056,0.6304010579476566,0.8087243589804024,0.02,0.8175918459892273,0.8000471591949463,0.6968519123650058
seq0004__left_0085,seq0004,0.15669475495815277,0.47432780265808105,3.3701205253601074,0.18868829309940338,0.06596947461366653,0.7764137983322144,0.9908039569854736,0.9958696961402893,0.5225669741630554,0.7299280166625977,0.6090823162059412,0.7789200185992516,0.32,0.7225322127342224,0.8448540568351746,0.6820748260931814
seq0004__left_0089,seq0004,0.13965630531311035,0.5165022611618042,3.7207870483398438,0.16760270297527313,0.05889497697353363,0.9290570616722107,0.9882197380065918,0.9940722584724426,0.569290280342102,0.7214978933334351,0.6364200514673675,0.7867670934024369,0.02,0.7797436118125916,0.793918251991272,0.7078977881581756
seq0004__left_0093,seq0004,0.0680774673819542,0.16421227157115936,2.2596471309661865,0.11164150387048721,0.02947482280433178,0.9687303900718689,0.9929062724113464,0.9968406558036804,0.7129760980606079,0.754968523979187,0.7333716876012575,0.8636863855961268,0.02,0.8068644404411316,0.9291177988052368,0.7673204360850442
seq0004__left_0097,seq0004,0.07214129716157913,0.1928693801164627,2.406980514526367,0.11847931891679764,0.031174875795841217,0.9610592722892761,0.9924746155738831,0.9968980550765991,0.5956491231918335,0.764915406703949,0.6697531521772538,0.8996182925735747,0.02,0.8501976728439331,0.9551389813423157,0.7681384252021556
seq0010__left_0001,seq0010,0.41371166706085205,6.313666820526123,7.651248931884766,0.45981714129447937,0.10781137645244598,0.8159294128417969,0.8965415954589844,0.9110527038574219,0.9087222218513489,0.8773488998413086,0.8927600160144373,0.8985072988322582,0.12,0.9257095456123352,0.8728581070899963,0.8679465816804872
seq0010__left_0005,seq0010,0.36868277192115784,5.0535969734191895,7.245367527008057,0.42729315161705017,0.10092049092054367,0.8229699730873108,0.899371325969696,0.9158356785774231,0.9149619936943054,0.8785572648048401,0.8963901589248926,0.9036925554936771,0.12,0.9412193894386292,0.8690434098243713,0.869652091787587
seq0010__left_0009,seq0010,0.32648932933807373,4.139482498168945,6.898407936096191,0.39482125639915466,0.09315381944179535,0.8263199925422668,0.9057766199111938,0.9241787791252136,0.9116791486740112,0.878572404384613,0.8948196585104307,0.9010839599283547,0.16,0.9391236305236816,0.8660059571266174,0.8771149028493086
seq0010__left_0013,seq0010,0.28822410106658936,3.6264901161193848,6.356299877166748,0.3667028546333313,0.08272980898618698,0.8409373760223389,0.921439528465271,0.9361834526062012,0.9124354124069214,0.8564398884773254,0.8835513531721625,0.8892558710618097,0.12,0.9255971312522888,0.8556604981422424,0.8619031322975986
seq0010__left_0017,seq0010,0.23893168568611145,2.768261671066284,5.816848278045654,0.3217574954032898,0.07214155793190002,0.8708371520042419,0.9327539801597595,0.947932779788971,0.9062816500663757,0.8363012671470642,0.8698862875973069,0.8744286848695224,0.16,0.9260998964309692,0.8282186985015869,0.8496733468026386
seq0010__left_0021,seq0010,0.1737135499715805,1.8953734636306763,5.1321635246276855,0.2639544606208801,0.0550854355096817,0.8969146609306335,0.9458232522010803,0.9613072276115417,0.9169204831123352,0.838385820388794,0.8758962808167571,0.8910857169665725,0.16,0.9397119283676147,0.8472443222999573,0.8696874116275476
seq0010__left_0025,seq0010,0.14725127816200256,1.6708260774612427,5.018124580383301,0.2277984470129013,0.0495389886200428,0.9135659337043762,0.9558674097061157,0.9715306758880615,0.9188593626022339,0.8341906070709229,0.8744803203126807,0.8772514531199547,0.06,0.9039817452430725,0.8520565629005432,0.8637367003571057
seq0010__left_0029,seq0010,0.13392163813114166,1.2366055250167847,4.948523044586182,0.20175914466381073,0.049428682774305344,0.8917266130447388,0.9587323069572449,0.9778898358345032,0.9260889887809753,0.8381407856941223,0.8799227446555239,0.882035861578545,0.24,0.9550197124481201,0.8194150924682617,0.8730256931980039
seq0010__left_0033,seq0010,0.14535336196422577,1.335655689239502,4.974566459655762,0.21432644128799438,0.05305479094386101,0.8694252371788025,0.9514421820640564,0.9753071665763855,0.933563768863678,0.8438244462013245,0.8864286637865485,0.8962062895575373,0.24,0.9650968909263611,0.8364955186843872,0.8844862004749025
seq0010__left_0037,seq0010,0.16215474903583527,1.4232405424118042,5.16896915435791,0.22827498614788055,0.0592658706009388,0.8641685247421265,0.9438164830207825,0.9704548120498657,0.9302650094032288,0.8001234531402588,0.8603002941491937,0.8616505309761507,0.24,0.9660475850105286,0.7776165008544922,0.8524955742282201
seq0010__left_0041,seq0010,0.16637887060642242,1.5269781351089478,5.360759735107422,0.24327701330184937,0.05958632379770279,0.8837487101554871,0.936232328414917,0.9634354114532471,0.9261131882667542,0.7783189415931702,0.8458083180425553,0.8531119780672177,0.24,0.9558618068695068,0.7703081369400024,0.8420950352805375
seq0010__left_0045,seq0010,0.17166465520858765,1.4666930437088013,5.276801586151123,0.2520388960838318,0.062361571937799454,0.8765654563903809,0.9283967614173889,0.9547606706619263,0.9134631752967834,0.8423091769218445,0.8764443913932193,0.9057088695122796,0.24,0.9533138275146484,0.8626322150230408,0.8760829890807708
seq0010__left_0049,seq0010,0.2159717082977295,2.2166826725006104,5.57614278793335,0.3004033863544464,0.07047431170940399,0.8721479773521423,0.9226784110069275,0.9391620755195618,0.9203870296478271,0.8494395613670349,0.8834912513136641,0.8994797382507237,0.16,0.948407769203186,0.8553524017333984,0.8744203575742744
seq0010__left_0053,seq0010,0.20066149532794952,2.1410157680511475,5.278931617736816,0.29192134737968445,0.06498335301876068,0.8776913285255432,0.9186121821403503,0.9396124482154846,0.9394862055778503,0.8084473013877869,0.8690548977563552,0.8907681671933599,0.16,0.9671273231506348,0.8255844712257385,0.8679408946176488
seq0010__left_0057,seq0010,0.24413609504699707,2.8135552406311035,5.4282684326171875,0.3354554772377014,0.07138171046972275,0.8746743202209473,0.9197531342506409,0.9355614185333252,0.931158721446991,0.853839635848999,0.8908245997966269,0.9089619487390359,0.16,0.9657153487205505,0.8585088849067688,0.8819421840937518
seq0010__left_0061,seq0010,0.2550503611564636,3.6228203773498535,5.573191165924072,0.3493509590625763,0.06945525854825974,0.8873879909515381,0.9231933951377869,0.9382121562957764,0.9219738841056824,0.8525833487510681,0.8859219269095344,0.9107949256277659,0.32,0.981167197227478,0.8498417139053345,0.8822800225250225
seq0010__left_0065,seq0010,0.2936948239803314,5.079497337341309,6.050809860229492,0.37651199102401733,0.07297048717737198,0.8991726040840149,0.9324409365653992,0.9469484090805054,0.8761845827102661,0.7993628978729248,0.836012652847152,0.8756488361186907,0.24,0.9499936103820801,0.8120957016944885,0.8365462348431861
seq0010__left_0069,seq0010,0.3768101930618286,7.732855796813965,6.470706462860107,0.43743181228637695,0.07810302078723907,0.8969215154647827,0.9296292066574097,0.9452811479568481,0.8066216707229614,0.8423812985420227,0.8241137500420784,0.8248183718784089,0.12,0.8307795524597168,0.818942129611969,0.7945455950328038
seq0010__left_0073,seq0010,0.41457897424697876,7.8880839347839355,6.23732328414917,0.4551495611667633,0.08235198259353638,0.8947997093200684,0.932329535484314,0.9480502605438232,0.7918330430984497,0.7757917642593384,0.7837303296310778,0.804222429049828,0.16,0.8821535706520081,0.7389428019523621,0.7655610346410087
seq0010__left_0077,seq0010,0.21956485509872437,3.0347249507904053,5.107916355133057,0.2793261706829071,0.0631052702665329,0.8614922761917114,0.9691230058670044,0.9797930121421814,0.710363507270813,0.6701127886772156,0.6896513503766718,0.7278911762941478,0.24,0.8897979259490967,0.6158345341682434,0.6921160601977053
seq0010__left_0081,seq0010,0.1559028923511505,1.02861750125885,4.712213516235352,0.194043830037117,0.060933321714401245,0.8465235829353333,0.9636794328689575,0.9911993145942688,0.7409488558769226,0.6931957602500916,0.7162772842854646,0.8368631399337365,0.32,0.912464439868927,0.7728310227394104,0.7454037615083242
seq0010__left_0085,seq0010,0.15152300894260406,0.9421473741531372,4.5650954246521,0.18736080825328827,0.059579987078905106,0.8448107242584229,0.9715912938117981,0.9931982159614563,0.7397774457931519,0.744227945804596,0.7419960223223272,0.8772006576994499,0.32,0.9161234498023987,0.8414504528045654,0.7620892004222052
seq0010__left_0089,seq0010,0.14003689587116241,0.7982576489448547,4.289210319519043,0.17522259056568146,0.0554952472448349,0.8441569805145264,0.9757421612739563,0.9948806166648865,0.7755721807479858,0.735974133014679,0.7552544809499327,0.8852329534609301,0.32,0.9167264699935913,0.8558314442634583,0.7771779002957273
seq0010__left_0093,seq0010,0.14715470373630524,0.7946075797080994,4.2454729080200195,0.18149486184120178,0.05818020924925804,0.833526611328125,0.971480667591095,0.995620608329773,0.7254166603088379,0.7421044111251831,0.7336656542762158,0.882640452206549,0.32,0.9084447026252747,0.8582616448402405,0.76602899931186
seq0010__left_0097,seq0010,0.12760184705257416,0.6515481472015381,3.965848445892334,0.16423122584819794,0.05095827952027321,0.8600442409515381,0.9820744395256042,0.9960822463035583,0.6807098984718323,0.7443785071372986,0.7111219430649447,0.8712418467837845,0.32,0.9141428470611572,0.8321870565414429,0.7577691468606995
seq0010__left_0101,seq0010,0.14298872649669647,0.777924120426178,4.052335262298584,0.18226735293865204,0.056047093123197556,0.8585156202316284,0.9603802561759949,0.994468629360199,0.724530816078186,0.7456920146942139,0.7349591267951461,0.8812940791439233,0.32,0.9074152708053589,0.8566346764564514,0.7723729708290286
seq0010__left_0105,seq0010,0.13024593889713287,0.6671211123466492,3.7711691856384277,0.17114536464214325,0.0512484535574913,0.8716120719909668,0.970229983329773,0.9950180053710938,0.69536292552948,0.747050404548645,0.7202805797652901,0.8755481103834648,0.32,0.9012345671653748,0.8512852787971497,0.7609785948227732
seq0010__left_0109,seq0010,0.1422644406557083,0.742717981338501,3.8948090076446533,0.18203622102737427,0.05562258139252663,0.8481172323226929,0.9642103910446167,0.99481201171875,0.7084417343139648,0.7526345252990723,0.7298697859188523,0.894722113449259,0.32,0.9202037453651428,0.870613694190979,0.7693369238657417
seq0010__left_0113,seq0010,0.15790286660194397,0.8806714415550232,4.194120407104492,0.19829006493091583,0.06103741005063057,0.8349406123161316,0.931884229183197,0.9930228590965271,0.6940962076187134,0.7757483124732971,0.7326543105669792,0.8791990024463596,0.32,0.9079152941703796,0.8522435426712036,0.7711178180776268
seq0010__left_0117,seq0010,0.15020407736301422,0.8427764773368835,4.003425598144531,0.19438214600086212,0.05775260925292969,0.8501575589179993,0.9321131110191345,0.9883803725242615,0.7105273604393005,0.7552505135536194,0.7322066506623655,0.8861791878677758,0.32,0.9149441123008728,0.8591678142547607,0.7728723002843739
seq0010__left_0121,seq0010,0.15886877477169037,0.9452943205833435,4.167669773101807,0.20399877429008484,0.06060037761926651,0.8500665426254272,0.9285771250724792,0.986106812953949,0.7347657084465027,0.7827700972557068,0.7580086386096001,0.883861086084453,0.32,0.9084939956665039,0.8605287075042725,0.7851209201859246
seq0013__left_0001,seq0013,0.08912166953086853,0.4492815434932709,3.707724094390869,0.12523388862609863,0.03712134063243866,0.9281806945800781,0.991546630859375,0.9986724853515625,0.9238472580909729,0.7132459282875061,0.8050003514468544,0.8507557084655578,0.02,0.8448827266693115,0.8567109107971191,0.8030311289388226
seq0013__left_0005,seq0013,0.09315761923789978,0.49654924869537354,3.9220685958862305,0.12981583178043365,0.03858208656311035,0.91522216796875,0.9913063049316406,0.9932174682617188,0.9201992154121399,0.7011494040489197,0.795877115813588,0.8453638052098029,0.02,0.835552453994751,0.8554083108901978,0.7965695118795311
seq0013__left_0009,seq0013,0.09571005403995514,0.5262975692749023,4.027040004730225,0.13358263671398163,0.03942250460386276,0.9130401611328125,0.9914131164550781,0.9932060241699219,0.9115124940872192,0.6934600472450256,0.7876739083516867,0.8434146474509302,0.02,0.83481764793396,0.8521905541419983,0.7916789073788164
seq0013__left_0013,seq0013,0.09369025379419327,0.5083354115486145,3.9876623153686523,0.13067544996738434,0.038675710558891296,0.9152259826660156,0.9912033081054688,0.9937858581542969,0.90625,0.7108699083328247,0.7967570631058388,0.8503598191739149,0.02,0.8341226577758789,0.8672416806221008,0.796052424204556
seq0013__left_0017,seq0013,0.09533292800188065,0.5217817425727844,4.117800712585449,0.13040921092033386,0.03942439705133438,0.9151074290275574,0.9910277724266052,0.9985084533691406,0.9061844348907471,0.719078779220581,0.8018614973036554,0.8466524033497382,0.02,0.8203086256980896,0.8747443556785583,0.803277370236254
seq0013__left_0021,seq0013,0.09342706203460693,0.49814850091934204,4.004851341247559,0.12812913954257965,0.03864814341068268,0.9173965454101562,0.9909439086914062,0.9989356994628906,0.9075427055358887,0.7100929021835327,0.7967673690591167,0.8469878196728992,0.02,0.8369278907775879,0.8572925329208374,0.7998863042414254
seq0013__left_0025,seq0013,0.09560660272836685,0.522659420967102,4.111448764801025,0.1313709169626236,0.039592672139406204,0.9112129211425781,0.9906654357910156,0.9986801147460938,0.9110659956932068,0.7181468605995178,0.8031844115137455,0.8448942291759862,0.02,0.8329002857208252,0.8572386503219604,0.8030310233279186
seq0013__left_0029,seq0013,0.09660188853740692,0.5545706748962402,4.2559943199157715,0.1339588612318039,0.039785344153642654,0.9097404479980469,0.9904022216796875,0.9935646057128906,0.9121529459953308,0.7204176783561707,0.8050262547394872,0.8355811626678669,0.02,0.8162966966629028,0.8557988405227661,0.8073321334141663
seq0013__left_0033,seq0013,0.09237132966518402,0.5128580331802368,4.081701278686523,0.12962107360363007,0.038151443004608154,0.9137306213378906,0.9900665283203125,0.9985694885253906,0.9129385948181152,0.7215688228607178,0.8060508261779741,0.8380082850198665,0.02,0.8275392055511475,0.8487456440925598,0.8110672729929141
seq0013__left_0037,seq0013,0.09165042638778687,0.5043661594390869,4.107358455657959,0.12723085284233093,0.03800529986619949,0.9142608642578125,0.9898834228515625,0.9989204406738281,0.9146966338157654,0.7348647713661194,0.8149782488445956,0.8372224338743995,0.02,0.8315792083740234,0.8429427742958069,0.8142389740686512
seq0013__left_0041,seq0013,0.0941203311085701,0.5306578874588013,4.2495293617248535,0.12932918965816498,0.039038896560668945,0.9126853942871094,0.9895401000976562,0.9986648559570312,0.9081375002861023,0.7299490571022034,0.8093517513627387,0.8374962883931119,0.02,0.8139024376869202,0.8624988794326782,0.8127136919226055
seq0013__left_0045,seq0013,0.09441840648651123,0.5363249182701111,4.307694911956787,0.12891702353954315,0.039233285933732986,0.9113655090332031,0.9894142150878906,0.9986648559570312,0.9110267162322998,0.7246972322463989,0.8072493410273878,0.8342240549642685,0.02,0.8113228678703308,0.8584556579589844,0.8099177021264996
seq0013__left_0049,seq0013,0.0940941721200943,0.5372004508972168,4.299527168273926,0.12906882166862488,0.03912048786878586,0.9073524475097656,0.9889640808105469,0.9985160827636719,0.910968005657196,0.7281809449195862,0.8093828726395477,0.8330513175927987,0.02,0.8059880137443542,0.8619952201843262,0.814410533798775
seq0013__left_0053,seq0013,0.09880505502223969,0.5826361179351807,4.466826915740967,0.13454283773899078,0.04095758497714996,0.9041748046875,0.9885368347167969,0.9985160827636719,0.9016715288162231,0.729079008102417,0.8062419959164112,0.8288167117329955,0.02,0.8055658936500549,0.8534495830535889,0.8097608492890875
seq0013__left_0057,seq0013,0.09661614149808884,0.5520807504653931,4.2929487228393555,0.13371090590953827,0.04001058638095856,0.9069099426269531,0.9885139465332031,0.9985733032226562,0.8998672366142273,0.7260602116584778,0.8036739855455991,0.8358569932010618,0.02,0.8116125464439392,0.8615944981575012,0.8109290505656167
seq0013__left_0061,seq0013,0.10090523213148117,0.592914342880249,4.381167411804199,0.1397465020418167,0.04153255745768547,0.9029693603515625,0.9879837036132812,0.9946823120117188,0.8971008062362671,0.7159857153892517,0.7963755867008131,0.8296885510282288,0.02,0.8087196350097656,0.8517737984657288,0.8050800100575625
seq0013__left_0065,seq0013,0.0914083868265152,0.4982663094997406,3.9307000637054443,0.13122986257076263,0.03768063336610794,0.9098930358886719,0.9880828857421875,0.9981460571289062,0.8975030183792114,0.7069286704063416,0.7908976367186389,0.8391599841943047,0.02,0.8197877407073975,0.8594699501991272,0.8045774062896847
seq0013__left_0069,seq0013,0.0893397331237793,0.4763481914997101,3.834590196609497,0.12916751205921173,0.03682233393192291,0.9118194580078125,0.9880104064941406,0.9983177185058594,0.9076678156852722,0.7242165803909302,0.8056306968643843,0.8456578289472779,0.02,0.8233637809753418,0.8691927790641785,0.8146360625212271
seq0013__left_0073,seq0013,0.08800432085990906,0.4652436375617981,3.794424057006836,0.12750081717967987,0.036283042281866074,0.9142723083496094,0.9877471923828125,0.998443603515625,0.9156344532966614,0.7206835746765137,0.8065457931991091,0.8455937535326885,0.02,0.8313790559768677,0.8603029847145081,0.8169813409081063
seq0013__left_0077,seq0013,0.09019161015748978,0.4801231026649475,3.9203875064849854,0.1280999779701233,0.037383779883384705,0.9108695983886719,0.9873733520507812,0.9982986450195312,0.9164102077484131,0.7152695655822754,0.8034423689071809,0.8446234369198637,0.02,0.837665855884552,0.851697564125061,0.8156026822131852
seq0013__left_0081,seq0013,0.0859190821647644,0.4358441233634949,3.7513034343719482,0.12184202671051025,0.03578958287835121,0.91729736328125,0.9872665405273438,0.9986495971679688,0.9143103957176208,0.7130339741706848,0.8012248509255024,0.8529353714304285,0.02,0.8515745997428894,0.8543004989624023,0.8094571282555225
seq0014__left_0001,seq0014,0.4394042193889618,2.2677903175354004,6.829296588897705,3.7812724113464355,0.5895067453384399,0.32817965745925903,0.6121083498001099,0.7211923003196716,0.21927711367607117,0.5461412072181702,0.31291717041330736,0.5094379498841456,0.32,0.5017889142036438,0.5173237919807434,0.3655690762741891
seq0014__left_0005,seq0014,0.5107001662254333,2.7796804904937744,7.448747634887695,4.979479789733887,0.8932519555091858,0.18605025112628937,0.5697487592697144,0.6857424974441528,0.16996939480304718,0.529392421245575,0.2573217678963886,0.3367328477126427,0.32,0.2555761933326721,0.49341318011283875,0.28988283818730237
seq0014__left_0009,seq0014,0.4092091917991638,2.102724552154541,6.796634197235107,3.274306058883667,0.48597845435142517,0.36945971846580505,0.6490971446037292,0.7741506695747375,0.2126787304878235,0.5155993700027466,0.3011405104139214,0.4617013939201437,0.32,0.4292929172515869,0.49940264225006104,0.3563195672821271
seq0014__left_0013,seq0014,0.43420174717903137,2.3646275997161865,7.1902546882629395,3.3329925537109375,0.5023263096809387,0.3287595510482788,0.605832040309906,0.7478544116020203,0.1894170641899109,0.5720853805541992,0.284602456626276,0.3280688623858597,0.04,0.19923114776611328,0.9285175204277039,0.2978520346657399
seq0014__left_0017,seq0014,0.45983028411865234,2.2787728309631348,7.063606262207031,3.3539175987243652,0.5286886096000671,0.2018832266330719,0.6008903384208679,0.7060070037841797,0.23215433955192566,0.5034459829330444,0.3177735683232494,0.36194792226298206,0.04,0.229058176279068,0.8621034026145935,0.33988066358787056
seq0014__left_0021,seq0014,0.5158631801605225,2.7346043586730957,7.325193405151367,3.8810157775878906,0.6620731353759766,0.15440446138381958,0.5576207041740417,0.6782756447792053,0.1846534013748169,0.6098521947860718,0.283475113699115,0.33922901507594466,0.32,0.30897703766822815,0.37604790925979614,0.3013999722872146
seq0014__left_0025,seq0014,0.5046248435974121,2.7390549182891846,7.2051100730896,4.013598918914795,0.673198401927948,0.16511842608451843,0.5701326131820679,0.6916724443435669,0.1714356243610382,0.6035503149032593,0.2670242641226928,0.33003626081655313,0.32,0.3015974462032318,0.3643966615200043,0.2825545296606401
seq0014__left_0029,seq0014,0.5328412055969238,3.0048186779022217,7.349066734313965,4.190766334533691,0.7284907102584839,0.1501891016960144,0.5487972497940063,0.6755309700965881,0.16350455582141876,0.6668859124183655,0.2626207526795461,0.3104784224331227,0.32,0.25971731543540955,0.3859020173549652,0.2754101209730909
seq0014__left_0033,seq0014,0.5103197693824768,2.894882917404175,7.421380043029785,3.9329609870910645,0.6568121314048767,0.16723860800266266,0.5638015866279602,0.6778289079666138,0.16463154554367065,0.5144641399383545,0.24944062610183787,0.3114870378003964,0.32,0.2845304012298584,0.34408602118492126,0.270486622303882
seq0014__left_0037,seq0014,0.505685567855835,2.6674516201019287,6.869588375091553,4.025218486785889,0.6757174730300903,0.17029821872711182,0.5615362524986267,0.6828029155731201,0.2207995504140854,0.5982906222343445,0.3225586261868329,0.3912296793835832,0.32,0.36521023511886597,0.42124104499816895,0.34014729529323273
seq0014__left_0041,seq0014,0.5088204741477966,2.8246512413024902,7.2340922355651855,4.017689228057861,0.6742165684700012,0.157645583152771,0.5677661299705505,0.6799347400665283,0.17912603914737701,0.5784281492233276,0.2735422624342245,0.329636268943159,0.32,0.29931971430778503,0.3667861521244049,0.2888519377929009
seq0014__left_0045,seq0014,0.5431032180786133,3.1115875244140625,7.598724842071533,4.095053195953369,0.7131850719451904,0.14275255799293518,0.5313025116920471,0.6580344438552856,0.15339295566082,0.6185465455055237,0.24582414213944087,0.27808981232729024,0.32,0.23463982343673706,0.3412887752056122,0.24909904127708804
seq0014__left_0049,seq0014,0.48716020584106445,2.5429623126983643,6.894762992858887,3.897003412246704,0.6404399275779724,0.19272354245185852,0.5834144353866577,0.691805899143219,0.22574514150619507,0.6045364737510681,0.32873465895136167,0.35075958169344257,0.32,0.33544304966926575,0.36754176020622253,0.3323455566355997
seq0014__left_0053,seq0014,0.5480377078056335,3.0163629055023193,7.523956298828125,4.220992565155029,0.7432388067245483,0.14580956101417542,0.5192391872406006,0.6570599675178528,0.17199581861495972,0.6748849153518677,0.27412923409680273,0.2893361380344478,0.32,0.24242424964904785,0.35876041650772095,0.27097206285554437
seq0014__left_0057,seq0014,0.5012218952178955,2.7321360111236572,7.246374130249023,3.8902359008789062,0.6465501189231873,0.167334645986557,0.5752936601638794,0.6889829635620117,0.19627168774604797,0.5907297730445862,0.29464628805344806,0.3275022288917109,0.32,0.29797297716140747,0.3635280132293701,0.2941572049098515
seq0014__left_0061,seq0014,0.48796677589416504,2.5882604122161865,7.150548934936523,3.8274710178375244,0.6289127469062805,0.19804534316062927,0.5823965072631836,0.7005952000617981,0.18910470604896545,0.566447377204895,0.2835485921691205,0.31566651170592397,0.04,0.1899561882019043,0.9333333373069763,0.28353739812441914
seq0014__left_0065,seq0014,0.4681827127933502,2.5049474239349365,7.055030822753906,3.7021842002868652,0.5897126197814941,0.2339039444923401,0.5999405384063721,0.70969158411026,0.20054559409618378,0.5465307235717773,0.2934220401809954,0.3251507579258676,0.32,0.30948904156684875,0.3424820899963379,0.2987761350816286
seq0014__left_0069,seq0014,0.5047715306282043,2.625504970550537,7.223315715789795,3.824625015258789,0.6356654763221741,0.14384135603904724,0.5521583557128906,0.6872051358222961,0.18142949044704437,0.5749506950378418,0.2758216400553079,0.32542921048881485,0.32,0.31574803590774536,0.33572283387184143,0.288129762026577
seq0014__left_0073,seq0014,0.4930088222026825,2.49491548538208,7.077054977416992,3.667386054992676,0.6047549843788147,0.16699159145355225,0.5821717381477356,0.7025768756866455,0.20952779054641724,0.5496710538864136,0.3034023623525958,0.3495866497635119,0.32,0.3088934123516083,0.40262842178344727,0.3213007009058141
seq0014__left_0077,seq0014,0.4930006265640259,2.588716506958008,7.253661632537842,3.6227595806121826,0.5991400480270386,0.17060452699661255,0.5818912982940674,0.7062041759490967,0.19084899127483368,0.5009868144989014,0.2764032372744169,0.32797944746135593,0.04,0.20062996447086334,0.8979540467262268,0.2839815011065002
seq0014__left_0081,seq0014,0.48004430532455444,2.462827444076538,7.236841201782227,3.3666749000549316,0.5432184934616089,0.17070920765399933,0.5905319452285767,0.7104081511497498,0.18858374655246735,0.4819079041481018,0.2710846524711817,0.3407002888677685,0.04,0.20978035032749176,0.9063131213188171,0.2798843633554105
seq0014__left_0085,seq0014,0.5022931694984436,2.565662384033203,7.171771049499512,3.4390347003936768,0.5755636692047119,0.1706889420747757,0.5686244964599609,0.6804104447364807,0.2057376354932785,0.48405128717422485,0.2887479459530457,0.34870870369655327,0.04,0.2154996544122696,0.913185715675354,0.29150052991899494
seq0014__left_0089,seq0014,0.5194904208183289,2.7375385761260986,7.426617622375488,3.854233980178833,0.6587328910827637,0.15583530068397522,0.5510912537574768,0.6928325891494751,0.18128272891044617,0.567105233669281,0.27474088168009875,0.3199796425112087,0.04,0.19321125745773315,0.930478572845459,0.2737555765229656
seq0014__left_0093,seq0014,0.4303438067436218,2.1886565685272217,7.031014442443848,2.8718748092651367,0.4326239228248596,0.27644896507263184,0.6236231923103333,0.7261044383049011,0.22632423043251038,0.37915006279945374,0.28345000651794555,0.38057789607345577,0.04,0.24848739802837372,0.8124684691429138,0.3131390886526897
seq0014__left_0097,seq0014,0.6890609264373779,4.196889400482178,8.656526565551758,6.7069993019104,1.4982789754867554,0.10823188722133636,0.2619503140449524,0.5754784941673279,0.17781689763069153,0.24159401655197144,0.20485636904861118,0.3533271632599778,0.02,0.2146921008825302,0.9973639845848083,0.24483546568696524
seq0014__left_0101,seq0014,0.787298858165741,6.00806999206543,10.409327507019043,7.61030912399292,1.8198914527893066,0.0760648250579834,0.2749400734901428,0.5209074020385742,0.12854710221290588,0.16795367002487183,0.14563171235456937,0.24575285470116365,0.02,0.1413845717906952,0.9386587142944336,0.16616568302585574
seq0014__left_0105,seq0014,0.37017983198165894,2.716212272644043,8.319076538085938,3.2563281059265137,0.4377410113811493,0.4623070955276489,0.7634896636009216,0.8458729386329651,0.21317259967327118,0.30796778202056885,0.25194859203025355,0.26246361488593795,0.06,0.20430107414722443,0.366923063993454,0.22905212397191102
seq0014__left_0109,seq0014,0.18681643903255463,1.0587413311004639,6.7254838943481445,1.5537246465682983,0.14669863879680634,0.6734200119972229,0.9387909173965454,0.9689812660217285,0.41220319271087646,0.49051767587661743,0.44796339403083946,0.5281911277600081,0.32,0.44135430455207825,0.6575682163238525,0.46533178036631295
seq0014__left_0113,seq0014,0.1493242383003235,0.8482296466827393,6.292431831359863,0.2012297511100769,0.06695915758609772,0.7911325693130493,0.9807149767875671,0.9923839569091797,0.574837327003479,0.6300603151321411,0.6011833283358079,0.6358212779528006,0.02,0.4905126988887787,0.9034608602523804,0.5610455652782123
seq0014__left_0117,seq0014,0.20129211246967316,1.2146748304367065,7.151892185211182,0.2381749004125595,0.08922082185745239,0.5942085385322571,0.9819691777229309,0.9936299920082092,0.5256567001342773,0.5319148898124695,0.528767278525683,0.6820520780743156,0.32,0.6392215490341187,0.7310344576835632,0.5821137568966109
seq0014__left_0121,seq0014,0.15720348060131073,1.1402065753936768,7.651341915130615,0.20254287123680115,0.0683404728770256,0.845363438129425,0.9786055088043213,0.9909237027168274,0.4703572690486908,0.38846880197525024,0.42550903139176316,0.6439855682741213,0.32,0.7126168012619019,0.5874125957489014,0.5155928492289941
seq0014__left_0125,seq0014,0.18376854062080383,1.148760199546814,7.399105548858643,0.2265341430902481,0.08213880658149719,0.645682692527771,0.9818524718284607,0.993699312210083,0.45220404863357544,0.5311926603317261,0.4885260839629711,0.6223111560256746,0.02,0.4857589900493622,0.8656567335128784,0.512945485324033
seq0014__left_0129,seq0014,0.18922185897827148,1.2115038633346558,7.599005699157715,0.23429414629936218,0.08476544916629791,0.6440390348434448,0.9794465899467468,0.9941976070404053,0.41575342416763306,0.5148822665214539,0.46003837482524035,0.6478274931994675,0.32,0.6219281554222107,0.6759776473045349,0.509405149424694
seq0014__left_0133,seq0014,0.1901116669178009,1.2563486099243164,7.750789642333984,0.23540043830871582,0.08493011444807053,0.6406490802764893,0.9771592020988464,0.9933673143386841,0.3704463839530945,0.4679981768131256,0.41354727649167217,0.5812441667734314,0.32,0.5812917351722717,0.5811966061592102,0.4762454351947883
seq0014__left_0137,seq0014,0.19304339587688446,1.1557761430740356,7.3019866943359375,0.24197526276111603,0.08783085644245148,0.6068236231803894,0.9577153325080872,0.9955527186393738,0.39562511444091797,0.5462440252304077,0.4588914656867527,0.5855243692721611,0.02,0.4393964111804962,0.8772757649421692,0.49918415372033337
seq0014__left_0141,seq0014,0.2046552300453186,1.2746318578720093,7.562939643859863,0.2477559894323349,0.09223666042089462,0.5594006776809692,0.97700434923172,0.9953123927116394,0.42700883746147156,0.5438677072525024,0.47840545468146045,0.602735104789702,0.32,0.5412371158599854,0.6800000071525574,0.5126176886022255
seq0014__left_0145,seq0014,0.20761540532112122,1.2758818864822388,7.545001983642578,0.24741202592849731,0.09360429644584656,0.5131765604019165,0.9815176129341125,0.9954032897949219,0.40145576000213623,0.5799189805984497,0.47446058159870214,0.6137907745657962,0.02,0.4665886461734772,0.8966809511184692,0.48635326675901364
seq0014__left_0149,seq0014,0.2229221761226654,1.4633899927139282,7.997626304626465,0.2669931650161743,0.10059653967618942,0.4725761413574219,0.9596860408782959,0.9953231811523438,0.33686256408691406,0.46605342626571655,0.3910644552100903,0.5850626448290994,0.32,0.5279850959777832,0.6559766530990601,0.47880377985387457
seq0014__left_0153,seq0014,0.22275838255882263,1.4731332063674927,8.024944305419922,0.26532480120658875,0.10023043304681778,0.4703296422958374,0.972512423992157,0.9949999451637268,0.34952399134635925,0.5548007488250732,0.42886402089260084,0.5828541444221822,0.02,0.4280085563659668,0.9132517576217651,0.4792672352685265
seq0014__left_0157,seq0014,0.22368155419826508,1.4715042114257812,8.016144752502441,0.26419389247894287,0.10054975748062134,0.45836418867111206,0.9764635562896729,0.9951245188713074,0.3641746938228607,0.5440924763679504,0.43631371362017557,0.5876123379864207,0.02,0.43597981333732605,0.9009655714035034,0.48042727399710117
seq0015__left_0001,seq0015,0.16372856497764587,0.6879065036773682,3.971872568130493,0.18594636023044586,0.07011185586452484,0.824249267578125,0.9948692321777344,0.9979095458984375,0.9740433692932129,0.37522733211517334,0.5417559196132637,0.9657764693658606,0.32,1.0,0.9338179230690002,0.6225887443091859
seq0015__left_0005,seq0015,0.1544649749994278,0.6711995601654053,4.052023887634277,0.17428623139858246,0.06632615625858307,0.8685150146484375,0.9950790405273438,0.9975013732910156,0.9811134338378906,0.3742509186267853,0.5418212500914656,0.9669582239613028,0.32,0.9998120069503784,0.936194896697998,0.6205482012169043
seq0015__left_0009,seq0015,0.17225737869739532,0.7633107900619507,4.1713361740112305,0.19405338168144226,0.07325852662324905,0.8141708374023438,0.9892921447753906,0.99755859375,0.9767029881477356,0.3709872364997864,0.5377264534938367,0.9669413658662227,0.32,0.9994403123855591,0.9364894032478333,0.6179941000310792
seq0015__left_0013,seq0015,0.14716558158397675,0.6095952391624451,3.8598792552948,0.16623440384864807,0.06335075199604034,0.9005088806152344,0.9951095581054688,0.997589111328125,0.9788722395896912,0.3743199110031128,0.5415511307039641,0.9659090930103393,0.32,1.0,0.9340659379959106,0.624710901692155
seq0015__left_0017,seq0015,0.1605410873889923,0.7142428159713745,4.155207633972168,0.1805298626422882,0.0686890184879303,0.8418617248535156,0.9949531555175781,0.9974288940429688,0.9789186716079712,0.362580806016922,0.529164754659531,0.9642360508315947,0.32,0.9988349676132202,0.9319538474082947,0.6141739914813061
seq0015__left_0021,seq0015,0.15419059991836548,0.6387892961502075,3.914235830307007,0.17165757715702057,0.06620629131793976,0.9004745483398438,0.9938583374023438,0.9971466064453125,0.9870001673698425,0.36945194005966187,0.537651310616509,0.9588764276014521,0.32,1.0,0.9210015535354614,0.6229395239335446
seq0015__left_0025,seq0015,0.14639879763126373,0.6142452359199524,3.8586313724517822,0.16723446547985077,0.06294410675764084,0.855224072933197,0.9933319091796875,0.9970359802246094,0.945892333984375,0.36466649174690247,0.5263941339098629,0.9502898747825891,0.32,0.985881507396698,0.9171785116195679,0.6117646067741909
seq0015__left_0029,seq0015,0.15291336178779602,0.6977209448814392,4.039226055145264,0.1770879179239273,0.064665786921978,0.8153259754180908,0.9851798415184021,0.9964370727539062,0.8808837532997131,0.313484787940979,0.4624094608469181,0.9071452732771678,0.32,0.9712161421775818,0.8510047197341919,0.5572792645067605
seq0015__left_0033,seq0015,0.14277835190296173,0.6275997757911682,3.90657377243042,0.16550126671791077,0.06107132136821747,0.8254737854003906,0.9955253601074219,0.9977951049804688,0.9456250667572021,0.2926957607269287,0.4470254269069846,0.9081163811770852,0.32,1.0,0.8316970467567444,0.5401484650593984
seq0015__left_0037,seq0015,0.14511477947235107,0.641071081161499,3.9450206756591797,0.16958850622177124,0.06226693093776703,0.8266181945800781,0.9956512451171875,0.9976654052734375,0.9364206194877625,0.296663761138916,0.45058078319682987,0.8994082813064932,0.32,1.0,0.8172042965888977,0.5400350474352656
seq0015__left_0041,seq0015,0.14776772260665894,0.6672144532203674,4.044270992279053,0.17095105350017548,0.0632985532283783,0.822479248046875,0.9959030151367188,0.997802734375,0.9225547909736633,0.2974942922592163,0.44990777565081297,0.9041284438726271,0.32,1.0,0.8250313997268677,0.5390016680226435
seq0015__left_0045,seq0015,0.1397935152053833,0.6001819372177124,3.8098905086517334,0.16337628662586212,0.05995475873351097,0.8476943969726562,0.995758056640625,0.9975814819335938,0.9373310208320618,0.2987571656703949,0.4530977031195308,0.9003822887077721,0.32,1.0,0.8188139200210571,0.5421484651516019
seq0015__left_0049,seq0015,0.14380833506584167,0.6338391900062561,3.914008617401123,0.1694461852312088,0.06176943704485893,0.8323898315429688,0.9957237243652344,0.9976425170898438,0.9446767568588257,0.2944374680519104,0.44894687967453556,0.9091711718302806,0.32,0.9988579154014587,0.834263265132904,0.541968852541312
seq0015__left_0053,seq0015,0.1417931318283081,0.6157929301261902,3.866612195968628,0.165977343916893,0.060873351991176605,0.840606689453125,0.9958992004394531,0.9978981018066406,0.9387689232826233,0.2961796820163727,0.4502928785726788,0.9096026265389308,0.32,1.0,0.8341937065124512,0.5423379234003494
seq0015__left_0057,seq0015,0.13892164826393127,0.5917534828186035,3.7844700813293457,0.16297757625579834,0.05967586487531662,0.8493766784667969,0.9954681396484375,0.9978599548339844,0.9362248778343201,0.2901897728443146,0.4430522490572046,0.9080512496622077,0.32,1.0,0.8315877914428711,0.5368011153635454
seq0015__left_0061,seq0015,0.13888661563396454,0.5943297147750854,3.7993109226226807,0.16196665167808533,0.05956327170133591,0.8472099304199219,0.9959182739257812,0.9979667663574219,0.9405282735824585,0.2910049855709076,0.4444840034138446,0.9109959851080277,0.32,1.0,0.8365405201911926,0.5392835012502276
seq0015__left_0065,seq0015,0.13889634609222412,0.5986521244049072,3.822526454925537,0.16091692447662354,0.059469759464263916,0.8521194458007812,0.9960823059082031,0.9978485107421875,0.9453215599060059,0.28799620270729065,0.4414904704094904,0.9044310417047113,0.32,1.0,0.8255354762077332,0.535897628230839
seq0015__left_0069,seq0015,0.136429101228714,0.5798542499542236,3.7601125240325928,0.15878987312316895,0.058459341526031494,0.8561286926269531,0.9960479736328125,0.9978561401367188,0.9458423852920532,0.2885850667953491,0.44223901125305365,0.9069266580164027,0.32,1.0,0.8297033905982971,0.5374773957094883
seq0015__left_0073,seq0015,0.13851067423820496,0.6027697324752808,3.8445279598236084,0.1609898954629898,0.059299830347299576,0.853912353515625,0.9955101013183594,0.9979515075683594,0.9486629366874695,0.2904304265975952,0.44471319040724006,0.9069901791625055,0.32,1.0,0.8298097252845764,0.5381058923245524
seq0015__left_0077,seq0015,0.1418769508600235,0.6364507675170898,3.9501264095306396,0.16595686972141266,0.06074732542037964,0.8306922912597656,0.9952049255371094,0.9972724914550781,0.9411764740943909,0.290439635515213,0.4438963569226387,0.9000342894832254,0.32,1.0,0.8182384967803955,0.5366723029089221
seq0015__left_0081,seq0015,0.14482541382312775,0.6635797619819641,4.030606746673584,0.16963811218738556,0.061995573341846466,0.8190460205078125,0.9948883056640625,0.9973335266113281,0.9447131156921387,0.29167404770851135,0.44573141251217296,0.901574354903389,0.32,1.0,0.820787787437439,0.5397938762684513
seq0015__left_0085,seq0015,0.1399340033531189,0.625907301902771,3.915205955505371,0.16455078125,0.05992722511291504,0.8277320861816406,0.9959220886230469,0.9977531433105469,0.9685078859329224,0.29451003670692444,0.4516725977108504,0.9080957730274232,0.32,1.0,0.8316624760627747,0.5418751109562071
seq0015__left_0089,seq0015,0.13656683266162872,0.5935585498809814,3.79819917678833,0.16171075403690338,0.058578576892614365,0.8428497314453125,0.9958763122558594,0.9977226257324219,0.9759573936462402,0.29114967584609985,0.44850144970550976,0.9072635847298158,0.32,1.0,0.8302675485610962,0.5390410566550141
seq0015__left_0093,seq0015,0.13010239601135254,0.5432656407356262,3.6289963722229004,0.15354187786579132,0.055704206228256226,0.8699760437011719,0.9959335327148438,0.9977607727050781,0.9779450297355652,0.2903263568878174,0.4477325921159283,0.8995533104525315,0.32,1.0,0.8174437880516052,0.5364228708564687
seq0015__left_0097,seq0015,0.13042712211608887,0.5440772771835327,3.6265690326690674,0.1540505290031433,0.05585624277591705,0.8654747009277344,0.9959945678710938,0.9978103637695312,0.9794010519981384,0.2905496656894684,0.4481506947799094,0.9012517559230672,0.32,1.0,0.8202531933784485,0.5370040890808161
seq0015__left_0101,seq0015,0.13186517357826233,0.5537989139556885,3.661637783050537,0.1551835536956787,0.05646238848567009,0.8611030578613281,0.9959640502929688,0.99786376953125,0.9791523218154907,0.29301387071609497,0.4510498919404118,0.9044759323114973,0.32,1.0,0.8256102800369263,0.5396412272535076
seq0015__left_0105,seq0015,0.1314573884010315,0.5476069450378418,3.6397173404693604,0.15473388135433197,0.056323226541280746,0.8623237609863281,0.9960441589355469,0.9978561401367188,0.9807328581809998,0.29344281554222107,0.4517257975243946,0.9064748182682251,0.32,1.0,0.8289473652839661,0.5409101708435742
seq0015__left_0109,seq0015,0.13032342493534088,0.5375033617019653,3.6052353382110596,0.15345001220703125,0.0558556392788887,0.8652915954589844,0.9961128234863281,0.99798583984375,0.97826087474823,0.28932633996009827,0.4465754074084697,0.9008683761785728,0.32,1.0,0.819618284702301,0.5368057909373873
seq0015__left_0113,seq0015,0.1315034031867981,0.54998779296875,3.6656694412231445,0.15236277878284454,0.056172892451286316,0.8753128051757812,0.9962692260742188,0.9981727600097656,0.9558220505714417,0.2938081622123718,0.4494582752682523,0.9097237972186455,0.32,1.0,0.834397554397583,0.54172532551136
seq0015__left_0117,seq0015,0.1430494338274002,0.6343953609466553,3.939758539199829,0.1668352484703064,0.06135958433151245,0.8563117980957031,0.9959869384765625,0.9977645874023438,0.954429566860199,0.3021467924118042,0.458989746356311,0.9175916702148089,0.32,1.0,0.8477315306663513,0.5484540511616175
seq0015__left_0121,seq0015,0.1361602246761322,0.6100263595581055,3.8875229358673096,0.16238705813884735,0.05835604667663574,0.8880691528320312,0.9935798645019531,0.9959831237792969,0.9374389052391052,0.3085745573043823,0.46431247154196104,0.9069657786401133,0.32,0.9720736742019653,0.8500320315361023,0.5530502554634513
seq0015__left_0125,seq0015,0.14498314261436462,0.6517074108123779,4.072909355163574,0.16766861081123352,0.06251300871372223,0.8902473449707031,0.9946670532226562,0.9965362548828125,0.8804396986961365,0.27618327736854553,0.42047015586464587,0.8598127013426426,0.32,0.9950236082077026,0.7569525837898254,0.5135571780449234
seq0015__left_0129,seq0015,0.13179746270179749,0.5347957015037537,3.65610671043396,0.1507202386856079,0.05664760619401932,0.8863525390625,0.9973411560058594,0.9985275268554688,0.8104689717292786,0.13060422241687775,0.2249573582674366,0.5073405730471452,0.32,0.9941486120223999,0.34057170152664185,0.2984608682814517
seq0015__left_0133,seq0015,0.12861591577529907,0.5240180492401123,3.578038215637207,0.14948110282421112,0.05505602806806564,0.8889122009277344,0.996978759765625,0.9983329772949219,0.8435683250427246,0.14100106060504913,0.24161634569937931,0.5715746226001808,0.32,0.9942561984062195,0.4010702669620514,0.32309362733635155
seq0015__left_0137,seq0015,0.13570554554462433,0.5718167424201965,3.7696492671966553,0.1553388237953186,0.058165282011032104,0.8706550598144531,0.9961738586425781,0.9984359741210938,0.8078122138977051,0.15378610789775848,0.25838293073482294,0.5901193349507707,0.32,0.9813058972358704,0.42192405462265015,0.3392484936029296
seq0015__left_0141,seq0015,0.13901904225349426,0.5942835807800293,3.8319315910339355,0.1594957411289215,0.05962748825550079,0.8685569763183594,0.9950141906738281,0.9979972839355469,0.836172342300415,0.16307301819324493,0.2729202515812111,0.6232991093146587,0.32,0.9597935080528259,0.46150121092796326,0.3573074532542081
seq0015__left_0145,seq0015,0.14149975776672363,0.5966930389404297,3.830362319946289,0.1594141572713852,0.06059883534908295,0.8694267272949219,0.9972572326660156,0.9984359741210938,0.8592429161071777,0.1653115302324295,0.27727713604781906,0.6478680832968154,0.32,0.9807310700416565,0.48369917273521423,0.36084215956053367
seq0015__left_0149,seq0015,0.14174805581569672,0.5857558250427246,3.792353868484497,0.15931375324726105,0.06078168749809265,0.8711357116699219,0.9970893859863281,0.9984512329101562,0.8500702381134033,0.16601034998893738,0.27777414389531,0.6420218642459753,0.32,0.9895056486129761,0.47516027092933655,0.3600443341542608
seq0015__left_0153,seq0015,0.14100980758666992,0.5959768891334534,3.8244597911834717,0.15916745364665985,0.060342878103256226,0.8731765747070312,0.9970970153808594,0.9982490539550781,0.8420491218566895,0.16082628071308136,0.27007069492165764,0.6299002633628168,0.32,0.9907433390617371,0.46173110604286194,0.3536884701845907
seq0015__left_0157,seq0015,0.1387535184621811,0.5897383093833923,3.792570114135742,0.15765078365802765,0.05914952605962753,0.8752059936523438,0.9969825744628906,0.9983863830566406,0.8189993500709534,0.15667851269245148,0.2630368177089983,0.5983024956080287,0.32,0.9821943044662476,0.4301700294017792,0.3413451699279608
seq0015__left_0161,seq0015,0.15344935655593872,0.7247592806816101,4.267756938934326,0.1724403351545334,0.0654449537396431,0.8266677856445312,0.9969291687011719,0.9985923767089844,0.8853769302368164,0.17337685823440552,0.28997085477131035,0.6760398874831203,0.32,0.9983611106872559,0.511047899723053,0.3766095578452969
seq0015__left_0165,seq0015,0.15385732054710388,0.7249557375907898,4.280411243438721,0.17280977964401245,0.06573862582445145,0.8456535339355469,0.9968757629394531,0.9985847473144531,0.8869596719741821,0.17032571136951447,0.2857734334835954,0.6651199812826036,0.32,0.9997217655181885,0.49833109974861145,0.37028189985011895
seq0015__left_0169,seq0015,0.15326479077339172,0.7125707864761353,4.229307651519775,0.17175668478012085,0.06542979180812836,0.8294410705566406,0.9969406127929688,0.9985160827636719,0.8888688683509827,0.17584775388240814,0.2936097563080129,0.7087653628089611,0.32,0.9949860572814941,0.5504276752471924,0.3849529123290705
seq0015__left_0173,seq0015,0.1523391753435135,0.7081812620162964,4.209028720855713,0.17104986310005188,0.06502129882574081,0.84063720703125,0.9967117309570312,0.9981460571289062,0.8851858377456665,0.18061046302318573,0.3000082171452094,0.7033188026323132,0.32,1.0,0.5423991680145264,0.38818579727058167
seq0015__left_0177,seq0015,0.13972626626491547,0.6009615063667297,3.8686466217041016,0.15771925449371338,0.059739500284194946,0.8667831420898438,0.9975090026855469,0.9987220764160156,0.8494381904602051,0.15336135029792786,0.2598146141652966,0.5867104915560519,0.32,0.999718964099884,0.41518667340278625,0.3379869142720673
seq0015__left_0181,seq0015,0.13236483931541443,0.5504074692726135,3.6913716793060303,0.15299807488918304,0.0567333810031414,0.8900032043457031,0.9968528747558594,0.9982643127441406,0.9135987758636475,0.21245580911636353,0.34474237700879484,0.7774373835853788,0.32,0.9994701743125916,0.636122465133667,0.4315384669655311
seq0015__left_0185,seq0015,0.1360810101032257,0.5859411954879761,3.8075757026672363,0.15778614580631256,0.05829542502760887,0.8806338310241699,0.9953422546386719,0.9974899291992188,0.9562909603118896,0.30416202545166016,0.4615283532108539,0.9288492252300733,0.32,0.998237133026123,0.8684807419776917,0.556963361072024
seq0015__left_0189,seq0015,0.14029273390769958,0.6540929079055786,4.074389934539795,0.16604825854301453,0.06023409217596054,0.8421669006347656,0.9948005676269531,0.9967308044433594,0.8841130137443542,0.275316059589386,0.4198799508725565,0.8972811911072849,0.32,0.9951655864715576,0.8169282078742981,0.5233544837953835
seq0015__left_0193,seq0015,0.14190062880516052,0.6757950782775879,4.129117488861084,0.180487260222435,0.06145511567592621,0.8413734436035156,0.9897842407226562,0.9932479858398438,0.7527152895927429,0.26824358105659485,0.3955321817577082,0.7740760365372366,0.32,0.8382906913757324,0.7189993262290955,0.48193861511385516
seq0015__left_0197,seq0015,0.1814008504152298,1.5326290130615234,4.73416805267334,0.23958949744701385,0.06772606074810028,0.89361572265625,0.9677543640136719,0.9697113037109375,0.8805896043777466,0.27639156579971313,0.42072860968616127,0.8182715292512649,0.32,0.9968855381011963,0.693937361240387,0.502236546368366
seq0015__left_0201,seq0015,0.12118320167064667,0.46190035343170166,3.370983362197876,0.1417640894651413,0.05213921517133713,0.9136238098144531,0.9966354370117188,0.9984130859375,0.9352293014526367,0.28763681650161743,0.4399604748537666,0.9208408012147571,0.32,0.9995306134223938,0.8536367416381836,0.5400553397241162
seq0015__left_0205,seq0015,0.11738528311252594,0.40062564611434937,3.1220619678497314,0.13595715165138245,0.050818685442209244,0.9810791015625,0.9966392517089844,0.9983787536621094,0.9656351804733276,0.2943516671657562,0.45117347975309624,0.9211846021195231,0.32,1.0,0.853885293006897,0.5472729072441429
seq0015__left_0209,seq0015,0.11893459409475327,0.43290358781814575,3.2642195224761963,0.1386188268661499,0.051330700516700745,0.9398345947265625,0.9966468811035156,0.9983901977539062,0.939983069896698,0.2824792265892029,0.4344112556348707,0.9158002354755967,0.32,0.9990453720092773,0.8453608155250549,0.5355325912248645
seq0015__left_0213,seq0015,0.11757545173168182,0.42236655950546265,3.220121145248413,0.13757774233818054,0.05076485127210617,0.9490852355957031,0.9965362548828125,0.9984054565429688,0.9564505815505981,0.30407077074050903,0.4614418708238334,0.9399855496940058,0.32,1.0,0.8867667317390442,0.5585247922493831
seq0015__left_0217,seq0015,0.11189639568328857,0.3818111717700958,3.0448012351989746,0.13103148341178894,0.04828363656997681,0.9662818908691406,0.9966812133789062,0.99847412109375,0.9429831504821777,0.28817734122276306,0.4414475268736048,0.9180560367142965,0.32,1.0,0.8485245704650879,0.541277245799295
seq0015__left_0221,seq0015,0.11863163858652115,0.4474034309387207,3.305821657180786,0.13940471410751343,0.050974056124687195,0.9315719604492188,0.9965934753417969,0.998504638671875,0.9465292096138,0.3050212264060974,0.4613661456005523,0.935359082392565,0.32,0.9993133544921875,0.8790983557701111,0.5587527350396767
seq0015__left_0225,seq0015,0.11678430438041687,0.41103506088256836,3.16447114944458,0.13696663081645966,0.050438292324543,0.9571952819824219,0.9962310791015625,0.9981613159179688,0.9483113884925842,0.31415122747421265,0.47195565707041176,0.9338524282132972,0.32,0.9993172287940979,0.8764374256134033,0.5646478417206369
seq0015__left_0229,seq0015,0.12974458932876587,0.5257744789123535,3.6174685955047607,0.14931245148181915,0.05569539591670036,0.8902244567871094,0.9964828491210938,0.9984397888183594,0.9340022206306458,0.3049963116645813,0.4598346567064337,0.925230283439397,0.32,1.0,0.8608637452125549,0.5547401223151907
seq0015__left_0233,seq0015,0.11377686262130737,0.4177520275115967,3.185077667236328,0.1347423791885376,0.04885655641555786,0.9476242065429688,0.996856689453125,0.9985923767089844,0.9265022277832031,0.24919147789478302,0.392749333094313,0.8676349081279637,0.32,0.9958149194717407,0.7686901092529297,0.49451784498693896
seq0015__left_0237,seq0015,0.12507930397987366,0.49258631467819214,3.4777190685272217,0.14481110870838165,0.05363969877362251,0.9197311401367188,0.9965705871582031,0.9984359741210938,0.8892567157745361,0.24076926708221436,0.3789394066209069,0.8361921279183828,0.32,0.9782187938690186,0.7301782369613647,0.476285295485929
seq0015__left_0241,seq0015,0.1229439228773117,0.4579745829105377,3.35353422164917,0.14192795753479004,0.05296466499567032,0.9206962585449219,0.9972991943359375,0.9987983703613281,0.9156485199928284,0.24406816065311432,0.38540559743423025,0.8683486618953374,0.32,1.0,0.7673287987709045,0.4894438517207924
seq0015__left_0245,seq0015,0.13204777240753174,0.5331295728683472,3.6484434604644775,0.150540292263031,0.056746236979961395,0.8954315185546875,0.9972953796386719,0.99884033203125,0.905701756477356,0.24049872159957886,0.3800733270479002,0.8779527680174978,0.32,1.0,0.7824561595916748,0.48827049142475437
seq0015__left_0249,seq0015,0.12766167521476746,0.49908164143562317,3.5322654247283936,0.14761388301849365,0.05507628619670868,0.9152488708496094,0.9969482421875,0.998748779296875,0.9211700558662415,0.2416181117296219,0.3828235884794935,0.8920827763386479,0.32,1.0,0.8051890134811401,0.49174339980364884
seq0015__left_0253,seq0015,0.14229080080986023,0.6075781583786011,3.8154780864715576,0.16453102231025696,0.06096082925796509,0.8741073608398438,0.9930229187011719,0.9971427917480469,0.8170372247695923,0.21020078659057617,0.3343759974242889,0.7856103248768634,0.32,0.9836639165878296,0.6539435386657715,0.4350432950462523
seq0015__left_0257,seq0015,0.13707098364830017,0.6546506881713867,4.01283073425293,0.17029884457588196,0.058785129338502884,0.8920364379882812,0.988983154296875,0.9936256408691406,0.7728965282440186,0.21371890604496002,0.33484698244417976,0.7979247335938324,0.32,0.9815689921379089,0.6721672415733337,0.4394984497382372
seq0015__left_0261,seq0015,0.12177207320928574,0.5678563117980957,3.7299540042877197,0.17326216399669647,0.05315783619880676,0.923686683177948,0.9833411574363708,0.988395631313324,0.7283643484115601,0.27050700783729553,0.3945005716133193,0.6857327499651901,0.32,0.7176322340965271,0.6565485000610352,0.45874621930694626
seq0016__left_0001,seq0016,0.26643845438957214,0.7745590209960938,2.5824263095855713,0.31145837903022766,0.10811033844947815,0.5185737609863281,0.8316154479980469,0.9900245666503906,0.9208826422691345,0.5044522881507874,0.6518346615895368,0.9177416967588957,0.32,0.9823700189590454,0.8610920310020447,0.7157214794388228
seq0016__left_0005,seq0016,0.2709214985370636,0.9387099742889404,2.7747726440429688,0.3254590332508087,0.10574869811534882,0.6006278991699219,0.7968177795410156,0.9544754028320312,0.8704690337181091,0.5181025266647339,0.6495771894225152,0.9074932553695527,0.24,0.9922837018966675,0.8360527157783508,0.7121694443730091
seq0016__left_0009,seq0016,0.29241544008255005,1.1412380933761597,2.9112958908081055,0.3487589657306671,0.10978363454341888,0.5815887451171875,0.7939682006835938,0.9056205749511719,0.9218716025352478,0.48497945070266724,0.635587942855702,0.8763559818854177,0.32,0.9616320133209229,0.8049722909927368,0.6950256522370057
seq0016__left_0013,seq0016,0.3027901351451874,1.1690078973770142,2.900139331817627,0.3558347821235657,0.11372029036283493,0.5349769592285156,0.7976112365722656,0.8964385986328125,0.9535622000694275,0.47015389800071716,0.6297898660505177,0.8699153361305237,0.32,0.9598724842071533,0.7953745722770691,0.6885264981947455
seq0016__left_0017,seq0016,0.29721570014953613,1.020707130432129,2.754472017288208,0.3474155068397522,0.11564123630523682,0.5049819946289062,0.7996177673339844,0.9318504333496094,0.9452844262123108,0.4944145679473877,0.6492501461334101,0.8875577562092718,0.32,0.9780611395835876,0.8123849630355835,0.6994828804552526
seq0016__left_0021,seq0016,0.29872462153434753,1.0499567985534668,2.787313222885132,0.34806424379348755,0.11543010920286179,0.5019569396972656,0.8021316528320312,0.9229774475097656,0.9486174583435059,0.49067163467407227,0.6467910876610624,0.890536203762703,0.32,0.9956815838813782,0.805476725101471,0.6993948365868723
seq0016__left_0025,seq0016,0.29817450046539307,1.19663667678833,2.9584648609161377,0.353830486536026,0.11097221821546555,0.58404541015625,0.7967376708984375,0.896209716796875,0.9469882249832153,0.47230634093284607,0.6302688028113893,0.8595393230934412,0.32,0.9687385559082031,0.7724646925926208,0.685263409521802
seq0016__left_0029,seq0016,0.29753249883651733,1.1325256824493408,2.904036045074463,0.34940189123153687,0.1124928742647171,0.5819816589355469,0.7990226745605469,0.9068412780761719,0.9802797436714172,0.4720933437347412,0.6372791481722854,0.8875729467615657,0.32,1.0,0.7978706955909729,0.6985127397990734
seq0016__left_0033,seq0016,0.2972363829612732,1.1527951955795288,2.9343349933624268,0.35006147623062134,0.11182676255702972,0.5821075439453125,0.7964210510253906,0.902923583984375,0.9751171469688416,0.47332802414894104,0.6373044443682054,0.8920733416700056,0.32,0.998035728931427,0.8064516186714172,0.7012524929237826
seq0016__left_0037,seq0016,0.29973268508911133,1.103487253189087,2.8694419860839844,0.34924450516700745,0.11434809863567352,0.56781005859375,0.80133056640625,0.9108848571777344,0.9776765704154968,0.4907834231853485,0.6535111015452764,0.8905813606834363,0.32,0.9998212456703186,0.802861213684082,0.7051609201315058
seq0016__left_0041,seq0016,0.30249184370040894,1.15286386013031,2.916574478149414,0.35330718755722046,0.11426287889480591,0.5813560485839844,0.7997093200683594,0.8951339721679688,0.985852837562561,0.484006404876709,0.6492582063222588,0.8867566254861216,0.32,0.9998207092285156,0.796666145324707,0.700348644091936
seq0016__left_0045,seq0016,0.3017299771308899,1.1731722354888916,2.9379162788391113,0.3553014397621155,0.11348418146371841,0.5858154296875,0.7986068725585938,0.8930740356445312,0.9921129941940308,0.4741702377796173,0.6416638260645214,0.8880046746947392,0.32,0.9987385272979736,0.7993749976158142,0.693193154490328
seq0016__left_0049,seq0016,0.28811028599739075,1.0296094417572021,2.822329044342041,0.34114447236061096,0.11125785112380981,0.5544624328613281,0.796539306640625,0.9347000122070312,0.9897429943084717,0.48271456360816956,0.6489332816598631,0.8932139214522493,0.32,0.9989262819290161,0.8077346086502075,0.7059886352260847
seq0016__left_0053,seq0016,0.27898481488227844,0.9312481880187988,2.7387590408325195,0.3288177251815796,0.10943285375833511,0.5851364135742188,0.797088623046875,0.9574432373046875,0.977442741394043,0.5016990900039673,0.6630630321973789,0.8870637475374853,0.32,0.9886588454246521,0.8044028878211975,0.7080439081134241
seq0016__left_0057,seq0016,0.2818198800086975,0.9401936531066895,2.733886957168579,0.3326881229877472,0.11061733216047287,0.5841751098632812,0.7977943420410156,0.9537429809570312,0.9772594571113586,0.4903475046157837,0.6530314296040012,0.8678771650815609,0.32,0.9821527004241943,0.7774224281311035,0.6951950163272609
seq0016__left_0061,seq0016,0.282675564289093,0.9563111662864685,2.7504734992980957,0.3339889943599701,0.11054222285747528,0.5915336608886719,0.7985382080078125,0.9477806091308594,0.9790600538253784,0.4908992350101471,0.653922642759188,0.8721357347084725,0.32,0.982957661151886,0.7837707996368408,0.6966375236117623
seq0016__left_0065,seq0016,0.2888171672821045,0.9720203876495361,2.7276651859283447,0.33929261565208435,0.11282625794410706,0.5432472229003906,0.8020362854003906,0.9397544860839844,0.9852084517478943,0.5095106959342957,0.6716636294769006,0.8922130160195201,0.32,0.9869362711906433,0.814079999923706,0.7116276710322219
seq0016__left_0069,seq0016,0.28636348247528076,0.9658833742141724,2.742727279663086,0.33984503149986267,0.11247405409812927,0.5097427368164062,0.8025169372558594,0.943359375,0.9851919412612915,0.5157997608184814,0.6771013683270347,0.8924490683786506,0.32,0.9902065396308899,0.812259316444397,0.715488706997419
seq0016__left_0073,seq0016,0.30911609530448914,1.041965126991272,2.827022075653076,0.35650238394737244,0.12124687433242798,0.46396636962890625,0.7998313903808594,0.9273719787597656,0.9614719152450562,0.48876285552978516,0.648076805599947,0.8708249905857043,0.32,0.9753774404525757,0.7865168452262878,0.6943679433340946
seq0016__left_0077,seq0016,0.3055437207221985,1.0790427923202515,2.8455512523651123,0.35503843426704407,0.11822953820228577,0.4864654541015625,0.8009719848632812,0.9173622131347656,0.9558528661727905,0.5031883120536804,0.6593014610948871,0.8819482484586436,0.32,0.9772968888282776,0.8035508990287781,0.7014546855537851
seq0016__left_0081,seq0016,0.282340943813324,1.0280715227127075,2.808213710784912,0.33947113156318665,0.10815877467393875,0.5895576477050781,0.8037071228027344,0.927154541015625,0.9686468839645386,0.5140934586524963,0.6716955254773301,0.8890231802752753,0.32,0.9869603514671326,0.8087682127952576,0.7140057912858306
seq0016__left_0085,seq0016,0.2711097300052643,0.9069547653198242,2.7134358882904053,0.3256596028804779,0.10635028779506683,0.5952911376953125,0.8045845031738281,0.9548187255859375,0.9741593599319458,0.527927041053772,0.6847609672335999,0.9014363577206187,0.24,0.9894315600395203,0.8278145790100098,0.7241384916558642
seq0016__left_0089,seq0016,0.3184663951396942,1.2773820161819458,2.9935030937194824,0.3668908476829529,0.11772896349430084,0.5514984130859375,0.8084526062011719,0.86065673828125,0.9748390316963196,0.4792395234107971,0.6425806794433765,0.8850317490916573,0.32,0.9973924160003662,0.7954237461090088,0.6943869661925215
seq0016__left_0093,seq0016,0.2692720293998718,0.8168139457702637,2.353681802749634,0.31744518876075745,0.10539606213569641,0.5237884521484375,0.8309440612792969,0.9587020874023438,0.9167168736457825,0.3537886440753937,0.510543268336047,0.9243901469818235,0.32,0.959301233291626,0.8919308185577393,0.6303543875946785
seq0016__left_0097,seq0016,0.15425217151641846,0.3170389235019684,1.5409564971923828,0.22793038189411163,0.06439754366874695,0.7657241821289062,0.9165229797363281,0.9931106567382812,0.8502180576324463,0.736107349395752,0.7890584845195002,0.867315295992169,0.32,0.8031606674194336,0.9426087141036987,0.8180222981992175
seq0016__left_0101,seq0016,0.10693444311618805,0.2785610556602478,1.4775519371032715,0.18397946655750275,0.042705632746219635,0.9277305603027344,0.9482154846191406,0.9841117858886719,0.7946032285690308,0.8002626299858093,0.7974228880491172,0.8434135440736249,0.04,0.8679516911506653,0.8202247023582458,0.7868581561650825
seq0016__left_0105,seq0016,0.06803809106349945,0.11928712576627731,1.0664278268814087,0.12229524552822113,0.028919123113155365,0.9877662658691406,0.9921722412109375,0.9939079284667969,0.907418429851532,0.7378454208374023,0.8138932037789063,0.8560456018853315,0.02,0.9120816588401794,0.8064964413642883,0.7906990742795491
seq0016__left_0109,seq0016,0.0532272607088089,0.08499869704246521,0.9039061069488525,0.10831324011087418,0.02267722599208355,0.9880943298339844,0.9934616088867188,0.9951362609863281,0.931181788444519,0.7141657471656799,0.8083619093213924,0.8573892101839511,0.02,0.9221611022949219,0.8011192083358765,0.7731410588442246
seq0016__left_0113,seq0016,0.0583091676235199,0.0791611522436142,0.9607633948326111,0.11708363890647888,0.025358114391565323,0.9869422912597656,0.9930458068847656,0.9947013854980469,0.9212090373039246,0.727024257183075,0.812677814841343,0.8749561727085858,0.02,0.9208716154098511,0.8334020376205444,0.7785964306901549
seq0016__left_0117,seq0016,0.05623501166701317,0.06983718276023865,0.9358898997306824,0.11341291666030884,0.02462165243923664,0.9811363220214844,0.9943351745605469,0.9955482482910156,0.9307215213775635,0.7399619817733765,0.8244512382372552,0.879555401653979,0.02,0.8916995525360107,0.8677375912666321,0.7992843013083878
seq0016__left_0121,seq0016,0.06423166394233704,0.07085045427083969,0.8946124315261841,0.11154992133378983,0.027354974299669266,0.9510536193847656,0.9956932067871094,0.9966812133789062,0.9336954951286316,0.757744312286377,0.8365682866627032,0.8835261332764597,0.02,0.9002133011817932,0.8674463629722595,0.817441429890071
seq0016__left_0125,seq0016,0.060454174876213074,0.06692805886268616,0.8693671822547913,0.10618498176336288,0.025940101593732834,0.99090576171875,0.9959831237792969,0.9968605041503906,0.930533230304718,0.7785518169403076,0.8477850044325002,0.8899618402347339,0.02,0.9014478325843811,0.8787648677825928,0.8198620904010298
seq0016__left_0129,seq0016,0.06445338577032089,0.07411032915115356,0.9530903100967407,0.10786857455968857,0.027799144387245178,0.99163818359375,0.9956741333007812,0.9965362548828125,0.9290033578872681,0.8062653541564941,0.8632936399543181,0.8932907194476729,0.02,0.8990927934646606,0.8875630497932434,0.827891965793429
seq0016__left_0133,seq0016,0.06585951149463654,0.07443838566541672,0.949950098991394,0.10494498908519745,0.02834673970937729,0.9920539855957031,0.9959564208984375,0.9969367980957031,0.935132622718811,0.8071553707122803,0.8664438044703792,0.8958684862301382,0.02,0.9067246317863464,0.8852692246437073,0.8374624364296291
seq0016__left_0137,seq0016,0.07706837356090546,0.09352302551269531,1.0556975603103638,0.1229618638753891,0.032940901815891266,0.9674186706542969,0.9947090148925781,0.9959907531738281,0.9272441267967224,0.793559730052948,0.8552091466148662,0.8899003335442285,0.02,0.8944829702377319,0.8853644132614136,0.8161410310941128
seq0016__left_0141,seq0016,0.08326650410890579,0.10704883933067322,1.1228885650634766,0.13547293841838837,0.03542838245630264,0.9532623291015625,0.99407958984375,0.9952812194824219,0.9248245358467102,0.7785074710845947,0.8453816492254094,0.8856392610186031,0.02,0.8900585770606995,0.8812636137008667,0.8080635919728696
seq0016__left_0145,seq0016,0.07939863204956055,0.10800409317016602,1.148345947265625,0.1380614936351776,0.03425932303071022,0.9700088500976562,0.9929656982421875,0.9942474365234375,0.9153544306755066,0.7581132054328918,0.8293465216457382,0.8860552621949306,0.02,0.8837748169898987,0.8883475065231323,0.7911141022051262
seq0016__left_0149,seq0016,0.0908840149641037,0.13070575892925262,1.2332065105438232,0.15882982313632965,0.03874604403972626,0.8757514953613281,0.9915695190429688,0.9929313659667969,0.9071604609489441,0.7693594098091125,0.8325966772135714,0.8810226545341173,0.02,0.8821954727172852,0.8798529505729675,0.7940719961680716
seq0016__left_0153,seq0016,0.08888809382915497,0.12458573281764984,1.1950502395629883,0.15660198032855988,0.03777846693992615,0.877044677734375,0.9919586181640625,0.9933242797851562,0.922363817691803,0.7858608365058899,0.8486584004660543,0.8806149480487742,0.02,0.8923564553260803,0.8691784143447876,0.8004098512531818
seq0016__left_0157,seq0016,0.09609119594097137,0.14632363617420197,1.1559127569198608,0.15790081024169922,0.039505671709775925,0.873016357421875,0.9925346374511719,0.9936790466308594,0.9253000020980835,0.7842003107070923,0.8489270738440468,0.8793243333573825,0.02,0.8938485980033875,0.8652645349502563,0.8065931474269348
seq0016__left_0161,seq0016,0.0757276713848114,0.12472052872180939,1.0715734958648682,0.13704454898834229,0.03199233114719391,0.9760169982910156,0.9937362670898438,0.9946861267089844,0.9320998787879944,0.8118299245834351,0.867817698668597,0.8909142537929204,0.02,0.9020546674728394,0.8800456523895264,0.8250625788952929
seq0016__left_0165,seq0016,0.07942461222410202,0.10458935797214508,1.1010286808013916,0.13551397621631622,0.03406909853219986,0.9506263732910156,0.9938735961914062,0.9949455261230469,0.928366482257843,0.7975445985794067,0.8579974735056782,0.8892254010589894,0.02,0.9052186608314514,0.8737874627113342,0.8103758251517992
seq0016__left_0169,seq0016,0.07757997512817383,0.10066046565771103,1.1072486639022827,0.13062269985675812,0.0335068516433239,0.9799423217773438,0.9941177368164062,0.9951667785644531,0.9280089735984802,0.7849021553993225,0.8504775656791176,0.8908030710205886,0.02,0.9149841070175171,0.8678672313690186,0.8018324289200519
seq0016__left_0173,seq0016,0.06027975305914879,0.07512325048446655,0.9654728770256042,0.116575226187706,0.026434771716594696,0.9901237487792969,0.9945335388183594,0.9954643249511719,0.9302445650100708,0.8209336996078491,0.8721774678495482,0.8929479574874426,0.02,0.8994743227958679,0.8865156173706055,0.8215548186039016
seq0016__left_0177,seq0016,0.057140059769153595,0.07304104417562485,0.9509046673774719,0.11607908457517624,0.025078952312469482,0.9902496337890625,0.9944686889648438,0.9953575134277344,0.9258482456207275,0.8372523188591003,0.8793243064796863,0.8956746149539628,0.02,0.8924760222434998,0.8988962173461914,0.8320532111823208
seq0016__left_0181,seq0016,0.060308970510959625,0.07822265475988388,0.9633443355560303,0.12580035626888275,0.026163579896092415,0.9682197570800781,0.9938888549804688,0.9948654174804688,0.9266892671585083,0.8225337266921997,0.8715105839348531,0.8911769788916061,0.02,0.894878625869751,0.887505829334259,0.8228641434075505
seq0016__left_0185,seq0016,0.06383354961872101,0.0830090194940567,0.9879534244537354,0.13010945916175842,0.027473900467157364,0.9414558410644531,0.9938278198242188,0.9949264526367188,0.9292836785316467,0.8462156653404236,0.8858064735790905,0.8964883758695827,0.04,0.9308328032493591,0.8645881414413452,0.8385161277472885
seq0016__left_0189,seq0016,0.06801183521747589,0.09217484295368195,1.0379750728607178,0.13744880259037018,0.029152654111385345,0.9067878723144531,0.9932441711425781,0.9944953918457031,0.9266460537910461,0.8081148266792297,0.8633309911269633,0.8858929467321468,0.02,0.9032288193702698,0.8692100048065186,0.8126762317873638
seq0016__left_0193,seq0016,0.06951242685317993,0.11553392559289932,1.2487157583236694,0.13720034062862396,0.031183313578367233,0.9846382141113281,0.9923934936523438,0.9935455322265625,0.885964572429657,0.5093426704406738,0.646824652481343,0.8140125160363711,0.02,0.774260938167572,0.8580667972564697,0.6296497221774557
seq0016__left_0197,seq0016,0.18857595324516296,1.4532999992370605,6.591066360473633,2.3536863327026367,0.23024344444274902,0.7697955965995789,0.9146431684494019,0.9229627847671509,0.23072895407676697,0.9766864776611328,0.3732764109653896,0.6161620858574299,0.02,0.44525596499443054,1.0,0.386924581672704
seq0016__left_0201,seq0016,0.31980976462364197,3.6457009315490723,9.771032333374023,0.3581855595111847,0.1243647038936615,0.47722190618515015,0.827236533164978,0.9078022241592407,0.2612013518810272,0.6818311214447021,0.37770748243236335,0.5386503027418199,0.32,0.3878020644187927,0.8815628886222839,0.4183140693281048
seq0016__left_0205,seq0016,0.24897344410419464,3.122905969619751,10.61837100982666,0.30715274810791016,0.10107257217168808,0.6061009764671326,0.8336511850357056,0.9836325645446777,0.4568796753883362,0.6323891878128052,0.530494860557959,0.6039448490828218,0.32,0.4563674330711365,0.8925831317901611,0.531053618113017
seq0016__left_0209,seq0016,0.23564200103282928,2.375501871109009,9.371392250061035,0.3670162558555603,0.1058669462800026,0.5851312875747681,0.9261452555656433,0.9671756625175476,0.5948808193206787,0.6855524182319641,0.6370062448934773,0.6390002381074108,0.06,0.6105825304985046,0.670192301273346,0.5649841183849198
seq0016__left_0213,seq0016,0.16944636404514313,1.785752773284912,7.932191848754883,0.2185070663690567,0.07024598866701126,0.7780566811561584,0.9603808522224426,0.9934356212615967,0.7068479061126709,0.6709744930267334,0.6884441938920335,0.7858987475336857,0.32,0.7067424654960632,0.8850226998329163,0.6795012672488541
seq0016__left_0217,seq0016,0.1307060271501541,1.2157927751541138,6.7553253173828125,0.170457124710083,0.053232207894325256,0.9035120606422424,0.9777573347091675,0.9940142631530762,0.8086828589439392,0.6693810820579529,0.7324676452017173,0.7770327266636654,0.32,0.721068263053894,0.8424153327941895,0.7344763397849868
seq0016__left_0221,seq0016,0.1497199833393097,1.4978392124176025,7.524807453155518,0.20145250856876373,0.06108783185482025,0.8049835562705994,0.9565897583961487,0.9928361773490906,0.7316586971282959,0.6341100931167603,0.6794007417353057,0.8037566092607815,0.32,0.7705627679824829,0.8399389982223511,0.6719276660370266
seq0016__left_0225,seq0016,0.1373658925294876,1.6015498638153076,7.500983715057373,0.21394336223602295,0.05805244669318199,0.7968533039093018,0.9374353289604187,0.9918156266212463,0.8397141695022583,0.6388738751411438,0.725653703780918,0.8630357829150145,0.32,0.870162308216095,0.8560250401496887,0.7157272764233016
seq0016__left_0229,seq0016,0.35214170813560486,3.7487661838531494,10.699703216552734,0.4927571713924408,0.1682339310646057,0.2632647454738617,0.7294475436210632,0.8051578998565674,0.716141939163208,0.5530877709388733,0.624141312884591,0.853391716984234,0.32,0.8809201717376709,0.827531635761261,0.6790759297443342
seq0016__left_0233,seq0016,0.14426739513874054,1.4704993963241577,7.426000595092773,0.2060970664024353,0.060316164046525955,0.7665719389915466,0.9770559668540955,0.9907971024513245,0.7809096574783325,0.5985705852508545,0.6776893734702272,0.9055727405980648,0.32,0.9112149477005005,0.8999999761581421,0.7163753469052241
seq0016__left_0237,seq0016,0.1378653198480606,1.779092788696289,7.766547679901123,0.19552581012248993,0.05494193732738495,0.8316162824630737,0.9782336950302124,0.9879816770553589,0.7710905075073242,0.6350877285003662,0.6965121580481394,0.8893606346169194,0.32,0.9137254953384399,0.8662614226341248,0.7251919523946746
seq0016__left_0241,seq0016,0.28307464718818665,3.0360496044158936,9.497688293457031,0.462660014629364,0.13985401391983032,0.5961724519729614,0.7809107899665833,0.8289608955383301,0.7679149508476257,0.6819500923156738,0.7223840233827087,0.906667399428067,0.32,0.9405034184455872,0.8751814365386963,0.7311832931844479
seq0016__left_0245,seq0016,0.2544752359390259,2.6368730068206787,8.988799095153809,0.593723475933075,0.1377560943365097,0.6291372179985046,0.804172158241272,0.8926571011543274,0.6766766905784607,0.6574828028678894,0.6669416802748772,0.8868399162774441,0.32,0.9200000166893005,0.8559870719909668,0.6889461175100353
seq0016__left_0249,seq0016,0.3967059552669525,4.443203926086426,11.085650444030762,1.3826050758361816,0.2583298683166504,0.2388734370470047,0.7169522047042847,0.862329363822937,0.6910669803619385,0.6447058916091919,0.6670819015488205,0.861669580390986,0.32,0.9133757948875427,0.8155038952827454,0.6761316228522295
seq0016__left_0253,seq0016,0.3387601673603058,3.524083375930786,9.86733627319336,0.5244254469871521,0.16619378328323364,0.3592550754547119,0.7443729639053345,0.8544076681137085,0.8099780082702637,0.5428571701049805,0.6500457357191829,0.896959644730926,0.32,0.9183006286621094,0.8765880465507507,0.7187797889794281
seq0016__left_0257,seq0016,0.15290804207324982,1.7548638582229614,7.571763515472412,0.1962171047925949,0.05996979400515556,0.8495802879333496,0.9735087156295776,0.9888454079627991,0.7789008021354675,0.5649883151054382,0.6549198831765004,0.9064019050300445,0.32,0.9384384155273438,0.8764805197715759,0.7168065522621404
seq0016__left_0261,seq0016,0.24055835604667664,2.6435351371765137,8.804943084716797,0.3757507801055908,0.11185062676668167,0.6520024538040161,0.805342972278595,0.9240081310272217,0.7305801510810852,0.6379613280296326,0.6811366561116439,0.8850993395801862,0.32,0.9102730751037598,0.8612805008888245,0.7024841542894269
seq0016__left_0265,seq0016,0.22978593409061432,2.174811601638794,8.000441551208496,0.35360345244407654,0.10718128085136414,0.6662410497665405,0.8318992853164673,0.9278317093849182,0.818555474281311,0.6254459023475647,0.7090881982794581,0.9236590590935428,0.32,0.9448183178901672,0.9034267663955688,0.7528813432008823
seq0016__left_0269,seq0016,0.30658215284347534,3.0077755451202393,9.043596267700195,0.5120670795440674,0.154364213347435,0.4966612756252289,0.7624109983444214,0.8395566940307617,0.7511811256408691,0.6242740750312805,0.6818730296141224,0.8944643546808464,0.32,0.9190535545349121,0.871156632900238,0.7307730714699853
seq0016__left_0273,seq0016,0.2384350448846817,2.4758944511413574,8.933837890625,0.3573976755142212,0.1100296750664711,0.667492687702179,0.8199613094329834,0.9214125871658325,0.6850463151931763,0.6408140659332275,0.6621923708415913,0.8358418830520764,0.32,0.861687421798706,0.8115016222000122,0.6963202300390211
seq0016__left_0277,seq0016,0.2565765082836151,5.9845051765441895,12.907323837280273,0.3207409083843231,0.0885797068476677,0.7797807455062866,0.8805080652236938,0.9371466040611267,0.3688482940196991,0.6071849465370178,0.4589170171230599,0.7222785123994497,0.32,0.7391999959945679,0.7061144113540649,0.544926002671352
seq0016__left_0281,seq0016,0.2118559032678604,4.68937349319458,12.922399520874023,0.2819216847419739,0.07783947139978409,0.7254624366760254,0.9077041745185852,0.9474162459373474,0.5628544688224792,0.48216158151626587,0.5193925983490368,0.7996661749033176,0.32,0.8127272725105286,0.7870182394981384,0.5859066244778474
seq0017__left_0001,seq0017,0.03935152292251587,0.03966673091053963,0.7940648198127747,0.049643624573946,0.016964605078101158,0.9997024536132812,1.0,1.0,0.7660261988639832,0.8958674669265747,0.8258746807957996,0.9078714114361691,0.02,0.8324116468429565,0.998376190662384,0.8175249646827311
seq0017__left_0005,seq0017,0.03952465578913689,0.04526829719543457,0.8662987351417542,0.05222475528717041,0.01704956591129303,0.9994049072265625,1.0,1.0,0.7615458965301514,0.9024494290351868,0.8260319592835765,0.9043654434357282,0.02,0.8267771601676941,0.9980242848396301,0.8195723408292517
seq0017__left_0009,seq0017,0.043317291885614395,0.057023048400878906,0.9824307560920715,0.05851508677005768,0.018729615956544876,0.9993209838867188,1.0,1.0,0.7487212419509888,0.8893819451332092,0.8130124643908596,0.8983631331417233,0.02,0.8166017532348633,0.9983187317848206,0.798057678527482
seq0017__left_0013,seq0017,0.046732522547245026,0.07468043267726898,1.1368428468704224,0.0670333206653595,0.020292894914746284,0.9992790222167969,1.0,1.0,0.7483882308006287,0.9020788073539734,0.8180777283904085,0.8935150558429701,0.02,0.8083301782608032,0.9987691044807434,0.798515616027123
seq0017__left_0017,seq0017,0.05153343826532364,0.08663547039031982,1.2322176694869995,0.07239798456430435,0.022477436810731888,0.9987373352050781,1.0,1.0,0.741317868232727,0.8948549628257751,0.8108825190433206,0.885032312773733,0.02,0.7945985794067383,0.9986943006515503,0.7913629698092872
seq0017__left_0021,seq0017,0.05301317572593689,0.09710241854190826,1.3187967538833618,0.07676025480031967,0.023211639374494553,0.9913482666015625,1.0,1.0,0.7660158276557922,0.8915169835090637,0.8240152054811648,0.8909851278935003,0.02,0.8047261834144592,0.9979565143585205,0.7943555859660807
seq0017__left_0025,seq0017,0.056269414722919464,0.10540254414081573,1.364008903503418,0.08032599836587906,0.024601183831691742,0.9929771423339844,1.0,1.0,0.7703779339790344,0.8883686065673828,0.8251767886295258,0.8925438511731887,0.02,0.8075466752052307,0.9975383281707764,0.8058874687052164
seq0017__left_0029,seq0017,0.05597354844212532,0.10571236908435822,1.3594623804092407,0.08064115792512894,0.024439973756670952,0.9978485107421875,1.0,1.0,0.7860571146011353,0.8698003888130188,0.8258111371293531,0.9032001380152732,0.02,0.8269571661949158,0.9949296712875366,0.809711525077108
seq0017__left_0033,seq0017,0.055350735783576965,0.1062728613615036,1.3585543632507324,0.080701544880867,0.024087145924568176,0.9978294372558594,1.0,1.0,0.7880531549453735,0.8621503114700317,0.8234381842221445,0.9030592039845797,0.02,0.8276636004447937,0.9935677647590637,0.8040417911828133
seq0017__left_0037,seq0017,0.05423755198717117,0.10726043581962585,1.3735480308532715,0.08085214346647263,0.0236017145216465,0.993438720703125,1.0,1.0,0.7776491045951843,0.8540125489234924,0.8140438828739112,0.9035602647836004,0.02,0.8312721848487854,0.9896182417869568,0.7960210666184709
seq0017__left_0041,seq0017,0.05831233784556389,0.11596399545669556,1.4211621284484863,0.0844702199101448,0.02537122741341591,0.9917106628417969,1.0,1.0,0.7599560022354126,0.8677784204483032,0.8102960901235366,0.8944100061334087,0.02,0.8159829378128052,0.9895159602165222,0.7779990717631343
seq0017__left_0045,seq0017,0.05601273477077484,0.1063612550497055,1.3635711669921875,0.08044461905956268,0.02428729087114334,0.9961700439453125,1.0,1.0,0.7658392190933228,0.8548551797866821,0.807902617270891,0.8928482446376244,0.02,0.8147675395011902,0.9874803423881531,0.7863947978366174
seq0020__left_0001,seq0020,1.0056967735290527,10.02231502532959,12.724414825439453,6.604382514953613,1.4942243099212646,0.04673599451780319,0.1502535045146942,0.45926541090011597,0.18947045505046844,0.9041916131973267,0.31329164900048184,0.4560529610108284,0.24,0.3005760610103607,0.9447236061096191,0.32898283494577035
seq0020__left_0005,seq0020,1.0411531925201416,10.050851821899414,13.895355224609375,7.079525470733643,1.6954517364501953,0.04769180342555046,0.10590648651123047,0.1547318994998932,0.23115143179893494,0.9127988815307617,0.36888799443772935,0.5081661733447599,0.24,0.36355671286582947,0.8437978625297546,0.3904617552285091
seq0020__left_0009,seq0020,1.0235328674316406,9.395440101623535,13.807881355285645,7.392590522766113,1.822791337966919,0.038719095289707184,0.09236849099397659,0.14715898036956787,0.20269273221492767,0.9357249736785889,0.33320748708452536,0.504167509844652,0.24,0.3458213210105896,0.9300000071525574,0.3726706677971281
seq0020__left_0013,seq0020,1.0184822082519531,9.197416305541992,13.927871704101562,7.5249786376953125,1.8804093599319458,0.03714596480131149,0.09728232026100159,0.16331245005130768,0.2203189581632614,0.9120567440986633,0.3549058695699822,0.49095817753907595,0.24,0.32908791303634644,0.9662162065505981,0.3905503600758621
seq0020__left_0017,seq0020,1.002091884613037,8.892626762390137,13.452226638793945,7.826197624206543,2.0146868228912354,0.04038463532924652,0.08606459200382233,0.17701980471611023,0.2859817445278168,0.9186046719551086,0.4361732176661126,0.584019089517546,0.32,0.4217071831226349,0.9494584798812866,0.49230881159306406
seq0020__left_0021,seq0020,0.9963520765304565,9.132949829101562,14.316485404968262,7.398020267486572,1.839484453201294,0.03311195969581604,0.1140109971165657,0.18039026856422424,0.27309325337409973,0.8844114542007446,0.4173232294753027,0.5811576135514025,0.04,0.44159626960754395,0.849693238735199,0.4378492172454121
seq0020__left_0025,seq0020,0.8426804542541504,8.660601615905762,15.414673805236816,3.52437424659729,0.6694791913032532,0.15286189317703247,0.23151364922523499,0.28303495049476624,0.21314387023448944,0.5867689251899719,0.3126995851640497,0.6583202244876122,0.04,0.5619744658470154,0.794536828994751,0.41426751601815204
seq0020__left_0029,seq0020,0.7884103059768677,7.409547805786133,14.62293815612793,4.196957588195801,0.7554050087928772,0.15597209334373474,0.27808550000190735,0.38676124811172485,0.21066319942474365,0.6480541229248047,0.31796529866708184,0.6414498482315288,0.04,0.5239700078964233,0.8268354535102844,0.4197718433129029
seq0020__left_0033,seq0020,0.8161320686340332,6.647308349609375,13.769682884216309,2.2057628631591797,0.48279616236686707,0.09139330685138702,0.18638072907924652,0.5636906027793884,0.1603018194437027,0.6015549302101135,0.2531456204905404,0.6392956587806141,0.04,0.5327850580215454,0.7990325689315796,0.38062010520770806
seq0020__left_0037,seq0020,0.7640793919563293,5.9734015464782715,12.729042053222656,5.334480285644531,1.038740634918213,0.1437908411026001,0.22754384577274323,0.7134846448898315,0.15445353090763092,0.5386819243431091,0.24007233974436534,0.6621251515832544,0.04,0.559540331363678,0.81076979637146,0.3679091315901777
seq0020__left_0041,seq0020,0.7276660799980164,5.614419460296631,12.375149726867676,1.0082532167434692,0.33962923288345337,0.1540575623512268,0.24354444444179535,0.7175762057304382,0.16366325318813324,0.5418251156806946,0.2513914190634286,0.6900536265970162,0.04,0.5891374349594116,0.8326889276504517,0.36012302343729324
seq0020__left_0045,seq0020,0.7629312872886658,5.834987640380859,12.08299446105957,2.3120036125183105,0.47370949387550354,0.15281124413013458,0.20191599428653717,0.6398504376411438,0.12593169510364532,0.5538617968559265,0.20520571543031402,0.6528869250536988,0.04,0.5286485552787781,0.8534595370292664,0.31005801925047527
seq0020__left_0049,seq0020,0.684292733669281,5.005021095275879,11.759551048278809,2.207716226577759,0.41094881296157837,0.16623163223266602,0.24420343339443207,0.6576632261276245,0.13767950236797333,0.5867237448692322,0.22302449230909732,0.6919686975739143,0.04,0.5734707713127136,0.8721923232078552,0.3334367705555041
seq0020__left_0053,seq0020,0.7693384885787964,5.592268466949463,11.961954116821289,2.1519482135772705,0.4528406858444214,0.12437867373228073,0.18703339993953705,0.6091791987419128,0.1500379890203476,0.471331387758255,0.22761859925586692,0.709246076963684,0.04,0.6114895343780518,0.8442061543464661,0.3273338656627335
seq0020__left_0057,seq0020,0.6666073203086853,5.142629623413086,12.026223182678223,0.7321047782897949,0.2809884548187256,0.1555441915988922,0.24815082550048828,0.5830748081207275,0.16255268454551697,0.5073937177658081,0.24622331177482681,0.7583142828627979,0.04,0.6752197742462158,0.8647305369377136,0.34265813729620626
seq0020__left_0061,seq0020,0.6695197224617004,5.1487040519714355,11.77329158782959,0.8139079213142395,0.2963569164276123,0.15669186413288116,0.2516067922115326,0.5709475874900818,0.18592843413352966,0.468595027923584,0.26622464994841405,0.7636179012656664,0.04,0.6932953000068665,0.8498168587684631,0.3482567766459058
seq0020__left_0065,seq0020,0.5551520586013794,4.26833438873291,11.348488807678223,0.6262567043304443,0.23821969330310822,0.12575949728488922,0.36901819705963135,0.7839066982269287,0.32973170280456543,0.4652087390422821,0.3859259426469817,0.803097322796761,0.04,0.7828114628791809,0.8244625329971313,0.387917921954139
seq0020__left_0069,seq0020,0.5768327116966248,4.857794761657715,11.582343101501465,0.6206275224685669,0.23480138182640076,0.16654418408870697,0.37912067770957947,0.6549969911575317,0.33003219962120056,0.364632248878479,0.3464705395823779,0.7669842217972891,0.04,0.7867193818092346,0.7482149600982666,0.3687167244824982
seq0020__left_0073,seq0020,0.6627236008644104,5.550345420837402,11.915331840515137,0.6671225428581238,0.25965186953544617,0.11980921030044556,0.26675066351890564,0.5651390552520752,0.3009178638458252,0.27716729044914246,0.2885546821267587,0.7060031437202221,0.04,0.7466915249824524,0.6695199608802795,0.3401581607082113
seq0020__left_0077,seq0020,0.7759934663772583,6.083146095275879,11.976274490356445,0.8515041470527649,0.33144623041152954,0.08364763110876083,0.11717816442251205,0.4270416796207428,0.254207581281662,0.20894308388233185,0.2293634446598577,0.6981683161122845,0.04,0.7592441439628601,0.6461871266365051,0.3065979857437615
seq0020__left_0081,seq0020,0.8165730834007263,6.095043182373047,11.516580581665039,4.3782267570495605,0.8912244439125061,0.09138419479131699,0.14721861481666565,0.537547767162323,0.3148425817489624,0.5965048670768738,0.41214825941142286,0.8097261039747968,0.04,0.7594236135482788,0.8671651482582092,0.393018980144208
seq0020__left_0085,seq0020,0.8051664233207703,5.950139999389648,11.401758193969727,3.8788537979125977,0.795147716999054,0.08219306170940399,0.12863658368587494,0.5169976353645325,0.2757754623889923,0.2298307716846466,0.25071560855525815,0.7670641313888925,0.04,0.7563367486000061,0.7781001925468445,0.31512900671527133
seq0020__left_0089,seq0020,0.7637127041816711,5.590799808502197,11.152920722961426,4.04297399520874,0.8041499257087708,0.0901014655828476,0.16004829108715057,0.5475375652313232,0.26676976680755615,0.19388575851917267,0.22456198067213196,0.7076371605866111,0.04,0.7349214553833008,0.6823062300682068,0.28235710621461274
seq0020__left_0093,seq0020,0.76723313331604,5.40410041809082,10.416149139404297,6.4084672927856445,1.4271516799926758,0.07850033789873123,0.31575530767440796,0.5685887932777405,0.3395726680755615,0.6247934103012085,0.44000462083677755,0.811957725184878,0.04,0.7680739760398865,0.8611599206924438,0.36545471752651465
seq0020__left_0097,seq0020,0.7744048237800598,5.7727437019348145,10.997664451599121,3.1988794803619385,0.6297515630722046,0.05078292638063431,0.27999088168144226,0.5561652779579163,0.2817208468914032,0.31562739610671997,0.29771182346507014,0.7836961147268079,0.04,0.7544068694114685,0.8153514862060547,0.3147240160718647
seq0020__left_0101,seq0020,0.6880226731300354,4.688714504241943,10.337871551513672,4.053051948547363,0.7778028845787048,0.07943431288003922,0.31674879789352417,0.6035493612289429,0.26697078347206116,0.14648117125034332,0.18916922561832164,0.731470754856978,0.04,0.7749330401420593,0.6926247477531433,0.28110960409614755
seq0020__left_0105,seq0020,0.717455267906189,4.982273578643799,10.637166976928711,2.5531816482543945,0.518424391746521,0.054401740431785583,0.28243812918663025,0.5751298666000366,0.2681328356266022,0.147454172372818,0.19027209514380505,0.7087235483092481,0.04,0.7650361657142639,0.660132646560669,0.27292130909208134
seq0020__left_0109,seq0020,0.7123447060585022,4.885387897491455,10.45368480682373,2.5952982902526855,0.5289610624313354,0.045998912304639816,0.2960045039653778,0.5956894755363464,0.34202706813812256,0.19853225350379944,0.25123386787783375,0.7237304577784487,0.04,0.7700144052505493,0.6826950907707214,0.2941454747621443
seq0020__left_0113,seq0020,0.6793386936187744,4.619161605834961,10.080500602722168,3.283473253250122,0.6056830286979675,0.04286736622452736,0.4008919894695282,0.5944769978523254,0.3954065144062042,0.2404310703277588,0.29903237479435535,0.721218463542274,0.04,0.7609494924545288,0.6854304671287537,0.3036383634292356
seq0020__left_0117,seq0020,0.6391512751579285,4.479140281677246,10.959993362426758,0.8141613602638245,0.2983272969722748,0.047016680240631104,0.23267285525798798,0.6747661232948303,0.3140209913253784,0.2315956950187683,0.2665824251958889,0.7494417956994176,0.04,0.8258110880851746,0.6860017776489258,0.3209375256945772
seq0020__left_0121,seq0020,0.7108907699584961,5.042396068572998,11.040958404541016,3.7992894649505615,0.7294774055480957,0.045219700783491135,0.24762657284736633,0.5951638221740723,0.3079163134098053,0.22956234216690063,0.26302808256416216,0.7770352461324714,0.04,0.8270334005355835,0.7327377200126648,0.3211950339725009
seq0020__left_0125,seq0020,0.6898669600486755,5.020725250244141,11.442856788635254,3.425657033920288,0.624542236328125,0.04762786626815796,0.18011319637298584,0.617581307888031,0.32714390754699707,0.19463373720645905,0.24406274193783234,0.7305427166738564,0.04,0.8261038661003113,0.6547977328300476,0.295591542272472
seq0020__left_0129,seq0020,0.6773406863212585,4.934233665466309,10.589438438415527,6.62075138092041,1.4338891506195068,0.047706954181194305,0.4586449861526489,0.6402787566184998,0.27769431471824646,0.17607223987579346,0.21550402733827834,0.6737819885831322,0.04,0.7429115176200867,0.6164225339889526,0.2789870160631105
seq0020__left_0133,seq0020,0.7553380131721497,5.851923942565918,11.644147872924805,6.793249130249023,1.5266631841659546,0.04295714199542999,0.23606055974960327,0.6112614274024963,0.2264097034931183,0.17600740492343903,0.19805213808185812,0.5509440222799062,0.04,0.574700117111206,0.52907395362854,0.24469937131714586
seq0020__left_0137,seq0020,0.7649748921394348,6.138317108154297,11.974150657653809,6.806483268737793,1.5333399772644043,0.021438656374812126,0.321030855178833,0.5943771600723267,0.15124621987342834,0.09592711925506592,0.11739627114989054,0.5748098322760822,0.04,0.6450636982917786,0.5183557271957397,0.20727240715208273
seq0020__left_0141,seq0020,0.7819814682006836,6.506200313568115,12.48625659942627,5.910900115966797,1.2543754577636719,0.014859537594020367,0.3079392910003662,0.5900267362594604,0.11430118978023529,0.08958445489406586,0.10044463695875108,0.549976213870759,0.04,0.584838330745697,0.5190365314483643,0.19884382303901782
seq0020__left_0145,seq0020,0.7485756874084473,6.5532307624816895,12.520112991333008,4.260037422180176,0.827185332775116,0.014608770608901978,0.37094399333000183,0.5984892845153809,0.08141525834798813,0.06603245437145233,0.07292143408467694,0.5257021658167744,0.04,0.541812539100647,0.510522186756134,0.18308832521074833
seq0020__left_0149,seq0020,0.7086398601531982,6.35334587097168,12.641372680664062,1.0360870361328125,0.36150839924812317,0.011696076951920986,0.3844371736049652,0.612655758857727,0.0950065478682518,0.10319685935974121,0.09893248048290658,0.5902843383633051,0.04,0.5114595890045166,0.6978323459625244,0.21325398943905471
seq0020__left_0153,seq0020,0.6407846808433533,5.900837421417236,13.494882583618164,0.6314063668251038,0.25301679968833923,0.008288562297821045,0.33641698956489563,0.7638920545578003,0.10205154865980148,0.14525462687015533,0.11987941336552158,0.7037879343704092,0.04,0.7102693319320679,0.6974237561225891,0.2351167095777646
seq0020__left_0157,seq0020,0.7140957713127136,6.164068222045898,13.094545364379883,0.8510420918464661,0.32654881477355957,0.009573210030794144,0.2699461877346039,0.5979589223861694,0.07821637392044067,0.06847697496414185,0.07302336090165969,0.6324498217423797,0.04,0.6692782640457153,0.5994631052017212,0.210184307616551
seq0020__left_0161,seq0020,0.6716834902763367,5.933176517486572,13.472569465637207,0.6683818101882935,0.27250370383262634,0.006211718078702688,0.08503942936658859,0.6477845311164856,0.08195474743843079,0.06449771672487259,0.07218579919076396,0.5995418402401054,0.04,0.6504403948783875,0.5560310482978821,0.20865871166279212
seq0020__left_0165,seq0020,0.7035243511199951,5.952220439910889,13.328008651733398,0.7638267278671265,0.3049553632736206,0.007738668471574783,0.030566303059458733,0.6454644203186035,0.09489051252603531,0.076168492436409,0.08450496116486957,0.6252621232753909,0.04,0.7576586604118347,0.5322538018226624,0.2125573479131853
seq0020__left_0169,seq0020,0.7629123330116272,6.250283718109131,12.854788780212402,4.506969451904297,0.8801313638687134,0.007028218824416399,0.11292579770088196,0.6018157601356506,0.09093982726335526,0.07181328535079956,0.08025269268426602,0.6269183264882687,0.04,0.7380573153495789,0.5448700785636902,0.2079386778540631
seq0020__left_0173,seq0020,0.7678561806678772,6.3250203132629395,12.552472114562988,5.654479026794434,1.1769039630889893,0.0065315100364387035,0.2933967709541321,0.5737591981887817,0.09663935750722885,0.07674144208431244,0.0855486152408768,0.6139583359730488,0.04,0.6944103837013245,0.550212562084198,0.20223541379390275
seq0020__left_0177,seq0020,0.7725438475608826,6.381314277648926,12.503595352172852,5.591968059539795,1.1692739725112915,0.007939423434436321,0.31686604022979736,0.5442274808883667,0.09323030710220337,0.07779772579669952,0.08481774297394533,0.5626316934301954,0.04,0.5869497656822205,0.5402485132217407,0.19038712937580307
seq0020__left_0181,seq0020,0.7717132568359375,6.301316738128662,12.548694610595703,5.640583038330078,1.179423213005066,0.006512408144772053,0.2606249451637268,0.5850305557250977,0.09895128756761551,0.08216676861047745,0.08978130309970164,0.6054314075946053,0.04,0.6694176197052002,0.5526102185249329,0.20204017051230533
seq0020__left_0185,seq0020,0.7606713175773621,6.207230091094971,12.817634582519531,4.344759941101074,0.8392583131790161,0.005490035749971867,0.12833553552627563,0.5899695158004761,0.10244988650083542,0.07968369871377945,0.08964393776769956,0.6090769484975505,0.04,0.6796515583992004,0.5517804026603699,0.20107318560790463
seq0020__left_0189,seq0020,0.7682488560676575,6.2854228019714355,12.48850154876709,5.774090766906738,1.210007905960083,0.008058005943894386,0.25574791431427,0.602341890335083,0.12336792796850204,0.08693008869886398,0.10199225927898303,0.6030053572892183,0.04,0.6608432531356812,0.554476797580719,0.20240953688033292
seq0020__left_0193,seq0020,0.7650122046470642,6.283910751342773,12.427400588989258,5.804177761077881,1.2178826332092285,0.008374827913939953,0.2911129891872406,0.6006259918212891,0.10686126351356506,0.08753799647092819,0.09623926458439774,0.5927666049833955,0.04,0.6457260847091675,0.547835648059845,0.1981247171451498
seq0020__left_0197,seq0020,0.7682179808616638,6.312908172607422,12.37082290649414,5.93348503112793,1.2600055932998657,0.008809071034193039,0.310496062040329,0.5876029133796692,0.1009904220700264,0.0729166641831398,0.08468757484756716,0.5892641489339581,0.04,0.6314830780029297,0.5523366928100586,0.19457352905729577
seq0020__left_0201,seq0020,0.770975649356842,6.337966442108154,12.418120384216309,5.94384241104126,1.2628577947616577,0.00879379827529192,0.2998547852039337,0.5836593508720398,0.1028645858168602,0.07573812454938889,0.08724135032825232,0.5972278594642894,0.04,0.6309318542480469,0.5669421553611755,0.19466990405389875
seq0020__left_0205,seq0020,0.7651206254959106,6.292664527893066,12.332667350769043,5.778339385986328,1.2144683599472046,0.00984206423163414,0.31527695059776306,0.5824403166770935,0.1147863119840622,0.08846154063940048,0.09991912702995845,0.6040417993083601,0.04,0.633127748966217,0.5775108933448792,0.20081663449716364
seq0020__left_0209,seq0020,0.7743315696716309,6.305638790130615,12.682332992553711,5.144199371337891,1.0416628122329712,0.004579014144837856,0.2026190161705017,0.5835033059120178,0.0934261679649353,0.07841866463422775,0.08526710082452577,0.6271920248620945,0.04,0.6951305866241455,0.5713510513305664,0.20586822487760276
seq0020__left_0213,seq0020,0.7786298990249634,6.339849472045898,12.482122421264648,5.868159294128418,1.245151162147522,0.007643630728125572,0.2636793255805969,0.5753611922264099,0.12247934192419052,0.0874524712562561,0.10204381095783424,0.6216476898258025,0.04,0.6865914463996887,0.56792813539505,0.20084073346460293
seq0020__left_0217,seq0020,0.7828499674797058,6.355801105499268,12.675580978393555,5.296097278594971,1.0892373323440552,0.004534133244305849,0.1853014975786209,0.591640830039978,0.13110709190368652,0.09284332394599915,0.10870636840792394,0.6485907481109499,0.04,0.7259621024131775,0.5861231088638306,0.21251114933031784
seq0020__left_0221,seq0020,0.7864965796470642,6.3648271560668945,12.659584999084473,5.3001604080200195,1.0957300662994385,0.004392689559608698,0.1613396257162094,0.5928484797477722,0.11330785602331161,0.08877284824848175,0.09955093084582306,0.6460592369151622,0.04,0.7187461853027344,0.5867237448692322,0.21070858261383263
seq0020__left_0225,seq0020,0.7942441701889038,6.402083873748779,12.674922943115234,5.446653842926025,1.1371577978134155,0.004734461195766926,0.11121756583452225,0.5848750472068787,0.12440033257007599,0.08764186501502991,0.10283497604815661,0.6524792321497801,0.04,0.7375015616416931,0.5850340127944946,0.21763443404733837
seq0020__left_0229,seq0020,0.7906847596168518,6.353081703186035,12.81860637664795,4.426960468292236,0.8784707188606262,0.003965367563068867,0.029235785827040672,0.5665125846862793,0.1402142196893692,0.0943271741271019,0.11278189236040967,0.6617813366942434,0.04,0.7362308502197266,0.6010060906410217,0.22334362885509307
seq0020__left_0233,seq0020,0.7894498705863953,6.371024131774902,12.976263046264648,3.510230302810669,0.6982126235961914,0.003740473184734583,0.024514630436897278,0.5792765021324158,0.11926010251045227,0.08449766784906387,0.09891353357266325,0.6701208483224429,0.04,0.7516605257987976,0.6045406460762024,0.22616131409350063
seq0020__left_0237,seq0020,0.7624958753585815,6.237594127655029,13.17436695098877,1.015285611152649,0.3705019950866699,0.004652621690183878,0.02753659337759018,0.6013349890708923,0.13342763483524323,0.0796864777803421,0.09978108092504287,0.6724650641802791,0.04,0.7472554445266724,0.6112836599349976,0.22936154888429122
seq0020__left_0241,seq0020,0.716087281703949,6.015000820159912,13.359040260314941,0.7509077191352844,0.3028826117515564,0.01020866446197033,0.05144567787647247,0.6798118948936462,0.13911671936511993,0.09348255395889282,0.11182310278775393,0.6757427010087473,0.04,0.7471152544021606,0.6168175935745239,0.2341692537171665
seq0020__left_0245,seq0020,0.7239716649055481,6.071732521057129,13.362701416015625,0.7682750225067139,0.30879542231559753,0.009983462281525135,0.04817942902445793,0.6577358841896057,0.13212557137012482,0.08573342114686966,0.10398999025630827,0.680785477614794,0.04,0.7496418356895447,0.6235142350196838,0.233079014077078
seq0020__left_0249,seq0020,0.7463085651397705,6.20220947265625,13.331175804138184,0.8430908918380737,0.3312946557998657,0.009047134779393673,0.04223084822297096,0.6085236072540283,0.1344313770532608,0.08967391401529312,0.10758324972473703,0.686089622540777,0.04,0.7634643316268921,0.6229550838470459,0.23360313728692728
seq0020__left_0253,seq0020,0.7309752702713013,6.122594833374023,13.400026321411133,0.7631932497024536,0.30944791436195374,0.008798638358712196,0.042920757085084915,0.655295729637146,0.1385205239057541,0.08434548228979111,0.10484847460867638,0.6926013943760558,0.04,0.7746237516403198,0.6262860298156738,0.23643937099293352
seq0020__left_0257,seq0020,0.7283331155776978,6.104537010192871,13.391188621520996,0.9137043952941895,0.321317583322525,0.01752733625471592,0.04882381856441498,0.6538642644882202,0.13644632697105408,0.09742895513772964,0.11368301044303936,0.6820592482837758,0.04,0.7603276968002319,0.6184008121490479,0.2330892172858145
seq0020__left_0261,seq0020,0.717776894569397,6.083972454071045,13.479167938232422,2.2312300205230713,0.42129501700401306,0.01967964693903923,0.09115813672542572,0.7095434665679932,0.14414414763450623,0.09840425848960876,0.11696137847495851,0.680723992136497,0.04,0.7536552548408508,0.6206624507904053,0.2308008630544337
seq0020__left_0265,seq0020,0.6974958777427673,6.024561882019043,13.590531349182129,0.7621365785598755,0.2897445261478424,0.026291683316230774,0.1063571572303772,0.7712893486022949,0.15968795120716095,0.10608108341693878,0.12747813827631518,0.69657481667668,0.04,0.7867158651351929,0.6249668002128601,0.2368196162803028
seq0020__left_0269,seq0020,0.6586339473724365,5.942662239074707,13.730216026306152,0.6619763374328613,0.2578602135181427,0.09684978425502777,0.2007479965686798,0.7930155992507935,0.16375437378883362,0.10670136660337448,0.12921016536908936,0.6975656352358296,0.04,0.807894766330719,0.6137496829032898,0.23924951584302181
seq0020__left_0273,seq0020,0.6453794240951538,5.952658653259277,13.80008602142334,0.6559733748435974,0.2504477798938751,0.13026519119739532,0.2162037044763565,0.7696245908737183,0.15990372002124786,0.10484406352043152,0.12664850715489895,0.683424353639583,0.04,0.7825860381126404,0.6065661907196045,0.23442028947660698
seq0020__left_0277,seq0020,0.6301354169845581,5.910999774932861,13.824378967285156,0.6413193345069885,0.24125897884368896,0.19290274381637573,0.22899046540260315,0.7976681590080261,0.16202358901500702,0.10613811016082764,0.12825752217695652,0.6888719067230226,0.04,0.807692289352417,0.6005277037620544,0.23820236255660004
seq0020__left_0281,seq0020,0.728232204914093,6.183166027069092,13.530685424804688,0.7127581834793091,0.29437386989593506,0.0054614003747701645,0.030254865065217018,0.7476481795310974,0.14641791582107544,0.1087239608168602,0.12478653800298976,0.6856293830230025,0.04,0.777409017086029,0.6132321953773499,0.24097569539196736
seq0020__left_0285,seq0020,0.8493005037307739,6.8857855796813965,12.967872619628906,3.8319320678710938,0.778814435005188,0.01089808065444231,0.03647112473845482,0.4765247106552124,0.09819329530000687,0.13555145263671875,0.11388699797186702,0.42761168727236837,0.04,0.33883988857269287,0.5794097781181335,0.15218108092402155
seq0020__left_0289,seq0020,0.8580266237258911,6.816876411437988,12.701388359069824,7.366091728210449,1.7677041292190552,0.0020913889165967703,0.01928260736167431,0.5239951610565186,0.03846153989434242,0.017895489931106567,0.02442598916393745,0.55675999301708,0.04,0.521203339099884,0.5975232124328613,0.16529150811597879
seq0020__left_0293,seq0020,0.8168858885765076,6.682886123657227,13.420504570007324,2.9767661094665527,0.5855475664138794,0.0034496686421334743,0.013422599993646145,0.46280810236930847,0.0,0.0,0.0,0.6748714074299882,0.04,0.7550530433654785,0.6100844740867615,0.1952237499148138
seq0020__left_0297,seq0020,0.7875708341598511,6.5760722160339355,13.585162162780762,0.9529498815536499,0.356121301651001,0.0035495543852448463,0.0123051218688488,0.4904370605945587,0.0,0.0,0.0,0.6969507296400416,0.04,0.7893611192703247,0.6239097118377686,0.20436685939589616
seq0020__left_0301,seq0020,0.8195056319236755,6.743223667144775,13.49524974822998,2.970407009124756,0.5789244174957275,0.0034312952775508165,0.010391260497272015,0.46055400371551514,0.0,0.0,0.0,0.6995027862367498,0.04,0.7848005890846252,0.6309288740158081,0.20601004492303754
seq0020__left_0305,seq0020,0.8628814220428467,6.674644947052002,11.224390983581543,8.14281177520752,2.094290018081665,0.03588356077671051,0.06574869155883789,0.5224405527114868,0.1281815618276596,0.1111111119389534,0.11903745852774297,0.6352060451674447,0.04,0.5893765687942505,0.6887637972831726,0.20903362956700383
seq0024__left_0001,seq0024,0.2801669239997864,1.2738878726959229,4.5176568031311035,0.3046058416366577,0.11708838492631912,0.3007762134075165,0.9178012609481812,0.9921943545341492,0.9291356801986694,0.3919398784637451,0.5513164227216679,0.7398991016576894,0.32,0.9968276619911194,0.5882737636566162,0.5732780448100526
seq0024__left_0005,seq0024,0.28159672021865845,1.293927550315857,4.5378804206848145,0.30646583437919617,0.11752744764089584,0.30339452624320984,0.9117479920387268,0.9921541810035706,0.9416436553001404,0.39846059679985046,0.5599682148246639,0.746775697178091,0.32,0.9996559619903564,0.5960057377815247,0.5831377678731341
seq0024__left_0009,seq0024,0.2812011241912842,1.2887197732925415,4.539742946624756,0.3064225912094116,0.11743727326393127,0.3096144199371338,0.9121147394180298,0.9925011992454529,0.9363194108009338,0.4075671136379242,0.5679244382075214,0.7544767379129294,0.32,0.9993135333061218,0.6060029864311218,0.5900838433166851
seq0024__left_0013,seq0024,0.2810836136341095,1.2798662185668945,4.523068904876709,0.30554166436195374,0.11736182868480682,0.3101324737071991,0.9135436415672302,0.9925816059112549,0.925203263759613,0.39968085289001465,0.558216412905883,0.7462934724128961,0.32,0.9978910088539124,0.5960195064544678,0.5793916446855604
seq0024__left_0017,seq0024,0.2794920802116394,1.280869722366333,4.5081963539123535,0.30359163880348206,0.11649025231599808,0.32551005482673645,0.9105481505393982,0.9927461743354797,0.930249035358429,0.39758118987083435,0.557073504318132,0.7421333510221616,0.32,0.996972382068634,0.5910526514053345,0.5784266000975268
seq0024__left_0021,seq0024,0.28324076533317566,1.3329150676727295,4.578839302062988,0.30809879302978516,0.11752621829509735,0.35209816694259644,0.8950764536857605,0.9924219250679016,0.9157657027244568,0.3961852490901947,0.5530890656244644,0.7336120394103159,0.32,0.9884476661682129,0.5832436680793762,0.5749347531192193
seq0024__left_0025,seq0024,0.27504634857177734,1.2609655857086182,4.468150615692139,0.30140751600265503,0.11463786661624908,0.37063068151474,0.9073195457458496,0.9927058815956116,0.9163484573364258,0.39774441719055176,0.5547134303394405,0.7325050776379093,0.32,0.9819836020469666,0.5841088891029358,0.5741865865429922
seq0024__left_0029,seq0024,0.27967527508735657,1.2581733465194702,4.463554382324219,0.3047347962856293,0.11710824072360992,0.33437371253967285,0.9106682538986206,0.992672324180603,0.909544050693512,0.39450010657310486,0.5503114644271403,0.7319406527201922,0.32,0.9856824278831482,0.5820937156677246,0.5712843908356453
seq0024__left_0033,seq0024,0.2814408242702484,1.2803988456726074,4.5602641105651855,0.30915695428848267,0.11826326698064804,0.34718412160873413,0.8953079581260681,0.9919779896736145,0.9099783301353455,0.41628581285476685,0.5712452844975088,0.743240793682336,0.32,0.9920722842216492,0.5942028760910034,0.5896227325480083
seq0024__left_0037,seq0024,0.2844393849372864,1.32521653175354,4.68592643737793,0.311527818441391,0.11917514353990555,0.34705621004104614,0.9000315070152283,0.9907751083374023,0.9054454565048218,0.4284819960594177,0.5816914192452051,0.7371340551256712,0.32,0.9794482588768005,0.5909370183944702,0.5959996012251096
seq0024__left_0041,seq0024,0.29053595662117004,1.3970543146133423,4.809873104095459,0.31545063853263855,0.12093041837215424,0.32690495252609253,0.8968548774719238,0.9895055890083313,0.9126477837562561,0.4421350657939911,0.5956874757482625,0.7345092834114617,0.32,0.9762852787971497,0.5887147188186646,0.6047085612150451
seq0024__left_0045,seq0024,0.2809714078903198,1.357094645500183,4.807600498199463,0.3098868727684021,0.1173454001545906,0.3792029023170471,0.8954145312309265,0.9895402789115906,0.9266432523727417,0.4795612394809723,0.6320306743989267,0.755232692794601,0.24,0.9904873371124268,0.6102821230888367,0.6334443524019522
seq0024__left_0049,seq0024,0.28555843234062195,1.395673394203186,4.910969257354736,0.3161208927631378,0.11932497471570969,0.3661850094795227,0.8824812173843384,0.9878785610198975,0.9258107542991638,0.5101028084754944,0.6577814683667448,0.762933034514738,0.24,0.9883068203926086,0.6212605834007263,0.6492712638617162
seq0024__left_0053,seq0024,0.3058032691478729,1.592578649520874,5.380398273468018,0.33260416984558105,0.1272037774324417,0.28842201828956604,0.8862217664718628,0.9797208309173584,0.9350444674491882,0.5656007528305054,0.7048459523573325,0.7548877530411011,0.16,0.9755531549453735,0.6156342625617981,0.6291685611615166
seq0024__left_0057,seq0024,0.3070957064628601,1.6420092582702637,5.609804630279541,0.3367981016635895,0.12819644808769226,0.28269708156585693,0.8856370449066162,0.9748832583427429,0.9448466300964355,0.5737798810005188,0.713979353078556,0.7457815309667982,0.12,0.9683527946472168,0.6064027547836304,0.6039702597500373
seq0024__left_0061,seq0024,0.2617485225200653,1.191667914390564,4.454623222351074,0.3174436688423157,0.11229869723320007,0.4503451883792877,0.9060847759246826,0.9647309184074402,0.882685661315918,0.5345034599304199,0.6658229772317314,0.7066044398882494,0.16,0.9378840327262878,0.566826581954956,0.6121556688051579
seq0039__left_0001,seq0039,0.037905097007751465,0.11333948373794556,1.8762195110321045,0.061013877391815186,0.016404440626502037,0.9923477172851562,0.9992485046386719,1.0,0.8700753450393677,0.7311260104179382,0.7945717927524022,0.9008381698292603,0.02,0.8811138868331909,0.9214657545089722,0.8330471836793002
seq0039__left_0005,seq0039,0.038878485560417175,0.11140871047973633,1.8800925016403198,0.06000669673085213,0.0168206375092268,0.9924964904785156,0.9993324279785156,1.0,0.8870629072189331,0.7396095991134644,0.8066531384068953,0.8986491902544949,0.02,0.8844895362854004,0.913269579410553,0.8412307929340084
seq0039__left_0009,seq0039,0.03659750893712044,0.10828236490488052,1.8604121208190918,0.059142474085092545,0.0158913042396307,0.9913672804832458,0.99932861328125,1.0,0.8894971013069153,0.7214893102645874,0.7967325428626583,0.8995086287712403,0.02,0.8946157097816467,0.9044553637504578,0.8339320204117816
seq0039__left_0013,seq0039,0.03653303161263466,0.09991186857223511,1.7997641563415527,0.056663934141397476,0.01587793417274952,0.9922523498535156,0.9994850158691406,1.0,0.8928739428520203,0.7425345182418823,0.8107940478220224,0.9005154528857283,0.02,0.886935293674469,0.9145179390907288,0.8368901988455881
seq0039__left_0017,seq0039,0.039626382291316986,0.10511337220668793,1.819085717201233,0.05944482609629631,0.017193952575325966,0.9935989379882812,0.9995269775390625,1.0,0.8793590664863586,0.7286521196365356,0.7969432715972669,0.8972247389521657,0.02,0.8747659921646118,0.9208670854568481,0.8309698982972544
seq0039__left_0021,seq0039,0.039082128554582596,0.10746151208877563,1.8646889925003052,0.05872794985771179,0.016959402710199356,0.9933815002441406,0.9994010925292969,1.0,0.8866100907325745,0.7539140582084656,0.8148954247144022,0.89931558929479,0.02,0.8771324753761292,0.9226498603820801,0.8375467336396257
seq0039__left_0025,seq0039,0.04108229652047157,0.11343233287334442,1.9183769226074219,0.06064259633421898,0.01781822368502617,0.9932632446289062,0.9994392395019531,1.0,0.8661659359931946,0.7599784135818481,0.8096051425038232,0.896782126048947,0.02,0.87092125415802,0.9242258071899414,0.8364118831034937
seq0039__left_0029,seq0039,0.04086785390973091,0.12541651725769043,2.0377986431121826,0.06338263303041458,0.01780708320438862,0.9897612929344177,0.99945068359375,1.0,0.8256216049194336,0.7812591791152954,0.8028280177694486,0.8864797061158748,0.02,0.8367406129837036,0.9425058960914612,0.8322448498396209
seq0039__left_0033,seq0039,0.03722111135721207,0.10550043731927872,1.8625266551971436,0.05856262519955635,0.016183776780962944,0.9900702834129333,0.9995880126953125,1.0,0.8359354734420776,0.7803705334663391,0.8071979050565934,0.8868383497343287,0.02,0.8429608345031738,0.9355344772338867,0.8309628088976518
seq0039__left_0037,seq0039,0.03943570330739021,0.10992894321680069,1.8706852197647095,0.06134693697094917,0.017130684107542038,0.9880599975585938,0.9996147155761719,1.0,0.8220627307891846,0.7645899653434753,0.7922854401297574,0.8881577631501584,0.02,0.8493309020996094,0.9307045936584473,0.8243038686259138
seq0039__left_0041,seq0039,0.03585878014564514,0.09124740958213806,1.7243818044662476,0.05398000031709671,0.015509490855038166,0.9931869506835938,0.9996299743652344,1.0,0.8084231615066528,0.7548866271972656,0.7807381980814663,0.8855962177185001,0.02,0.8396973609924316,0.9368029832839966,0.8205375006870697
seq0039__left_0045,seq0039,0.03968311473727226,0.11674880981445312,1.9705414772033691,0.061350442469120026,0.01730477251112461,0.9928855895996094,0.9996337890625,1.0,0.816413402557373,0.7456930875778198,0.7794524057578595,0.894413737495358,0.02,0.8593483567237854,0.9324625134468079,0.825710102045974
seq0039__left_0049,seq0039,0.039862342178821564,0.11567585170269012,1.979488730430603,0.06055795028805733,0.01739966683089733,0.9938278198242188,0.9996681213378906,1.0,0.8561075925827026,0.7647509574890137,0.8078547028206355,0.8943540916769346,0.02,0.8640802502632141,0.9268262982368469,0.8377928131380062
seq0039__left_0053,seq0039,0.040699973702430725,0.11805140227079391,2.004396677017212,0.06086485832929611,0.017759207636117935,0.9937095642089844,0.9995841979980469,1.0,0.854727029800415,0.7822532057762146,0.8168858054531568,0.9009058377569766,0.02,0.8697169423103333,0.9344148635864258,0.8443482466577322
seq0039__left_0057,seq0039,0.041772715747356415,0.11513318121433258,1.9498063325881958,0.06141453981399536,0.018186088651418686,0.9935874938964844,0.9996795654296875,1.0,0.8775633573532104,0.75225830078125,0.8100939348002604,0.9069434392704713,0.02,0.883577287197113,0.9315789937973022,0.8419085343944078
seq0039__left_0061,seq0039,0.04181286692619324,0.11722876876592636,1.9548884630203247,0.061903972178697586,0.01818092167377472,0.9937820434570312,0.9994850158691406,1.0,0.8627526164054871,0.7780049443244934,0.8181901060309368,0.9087119220986885,0.02,0.8796662092208862,0.9397412538528442,0.8480111789311804
seq0039__left_0065,seq0039,0.044523198157548904,0.13114997744560242,2.094517230987549,0.06503088772296906,0.01940716989338398,0.993408203125,0.9996528625488281,1.0,0.8850365877151489,0.7650522589683533,0.8206821615236212,0.9055117331008045,0.02,0.8768360614776611,0.9361264109611511,0.8446810500572147
seq0039__left_0069,seq0039,0.04599379003047943,0.13842064142227173,2.1617844104766846,0.0665377676486969,0.02003641426563263,0.9932403564453125,0.9995841979980469,1.0,0.8811801671981812,0.7199795842170715,0.792465248815937,0.8951146832637945,0.02,0.873135507106781,0.9182289838790894,0.8304826447704877
seq0039__left_0073,seq0039,0.04744824767112732,0.14073586463928223,2.169128179550171,0.06768891215324402,0.02065633051097393,0.993377685546875,0.9993896484375,1.0,0.8898006081581116,0.7503750324249268,0.8141617808212525,0.9087304273974428,0.02,0.8851397037506104,0.9336130619049072,0.8379704587748242
seq0039__left_0077,seq0039,0.045396000146865845,0.13092362880706787,2.1273536682128906,0.06410354375839233,0.019819702953100204,0.9926986694335938,0.99945068359375,1.0,0.9089276790618896,0.7437478303909302,0.8180831450795366,0.9107838931025468,0.02,0.9015151262283325,0.9202452301979065,0.8431082920557011
seq0043__left_0001,seq0043,1.9489691257476807,39.831092834472656,10.37659740447998,4.807328224182129,0.9235420823097229,0.4589729309082031,0.6878395080566406,0.7034454345703125,0.7897498607635498,0.2971092462539673,0.4317799507693726,0.5651701289767479,0.32,0.8086313009262085,0.4343860149383545,0.45950919512195
seq0043__left_0005,seq0043,1.9773643016815186,40.19190979003906,10.386817932128906,4.8176093101501465,0.9287388324737549,0.45489501953125,0.6851158142089844,0.7003898620605469,0.7871871590614319,0.2985464036464691,0.43290896294728926,0.5627096876211758,0.32,0.8040069937705994,0.43281418085098267,0.46069458132867624
seq0043__left_0009,seq0043,1.9767265319824219,39.87390899658203,10.399574279785156,4.856736183166504,0.9407141804695129,0.4558525085449219,0.6821670532226562,0.6987419128417969,0.7838064432144165,0.30224770307540894,0.43626498352144405,0.5662744437403061,0.32,0.8082038760185242,0.43581628799438477,0.4643343176520197
seq0043__left_0013,seq0043,2.078681707382202,42.00894546508789,10.876282691955566,4.95534610748291,0.9796714782714844,0.3651847839355469,0.6671066284179688,0.6917610168457031,0.7656217813491821,0.30080050230026245,0.431910360338194,0.5600635114096094,0.32,0.7756571769714355,0.4382516145706177,0.4613427700107155
seq0043__left_0017,seq0043,1.9504287242889404,39.13384246826172,10.193791389465332,4.97951602935791,0.9778903126716614,0.4801292419433594,0.673919677734375,0.6880455017089844,0.754145622253418,0.3079482913017273,0.4373207544109702,0.5678855992873241,0.32,0.788878321647644,0.4436137080192566,0.46947436316745084
seq0043__left_0021,seq0043,1.9973969459533691,40.54916000366211,10.319997787475586,4.972126483917236,0.9800587296485901,0.4664192199707031,0.6683845520019531,0.6820602416992188,0.752979040145874,0.31213387846946716,0.44132460342794505,0.5720563681953617,0.32,0.78182452917099,0.45103973150253296,0.4753797040585492
seq0043__left_0025,seq0043,2.1325440406799316,44.79658508300781,10.543563842773438,4.974857807159424,0.988749623298645,0.4770050048828125,0.6649360656738281,0.6757698059082031,0.7371802926063538,0.3059849143028259,0.43246467034157055,0.5705692274275332,0.32,0.7719590663909912,0.4525161385536194,0.46601754884540075
seq0043__left_0029,seq0043,2.214660167694092,46.516963958740234,10.625076293945312,5.0379438400268555,1.0132700204849243,0.4493598937988281,0.6601448059082031,0.670013427734375,0.7417367100715637,0.3128281831741333,0.44006044367946806,0.5766692422053403,0.32,0.7688992023468018,0.46133291721343994,0.47282919684563607
seq0043__left_0033,seq0043,2.2288217544555664,44.9093132019043,10.47332763671875,5.115090847015381,1.038912296295166,0.4632377624511719,0.653228759765625,0.6628150939941406,0.7336050868034363,0.321914404630661,0.44747263630630435,0.5851161478424413,0.32,0.7785912156105042,0.46865764260292053,0.4807341561107461
seq0043__left_0037,seq0043,2.289602756500244,43.02562713623047,10.558533668518066,5.2667059898376465,1.0943337678909302,0.3710594177246094,0.6446762084960938,0.6536216735839844,0.7299640774726868,0.32589757442474365,0.4506149491044381,0.5964077516796217,0.32,0.7777408957481384,0.4836443066596985,0.49035662740161173
seq0043__left_0041,seq0043,2.2029900550842285,38.96455001831055,10.101222038269043,5.370854377746582,1.1253937482833862,0.4236259460449219,0.6331901550292969,0.6446075439453125,0.7208075523376465,0.3748190402984619,0.4931833469960557,0.60581078469043,0.32,0.7700172066688538,0.49932876229286194,0.5203734796640578
seq0043__left_0045,seq0043,2.4514546394348145,49.3834228515625,10.804781913757324,5.289473056793213,1.1110928058624268,0.4051971435546875,0.6366043090820312,0.6410598754882812,0.7039347290992737,0.3396069407463074,0.45817263793569496,0.608008385275861,0.32,0.7683866024017334,0.5030180811882019,0.5002664419729578
seq0043__left_0049,seq0043,2.6492292881011963,53.282230377197266,11.479787826538086,5.295270919799805,1.1291298866271973,0.2795677185058594,0.6316413879394531,0.6376533508300781,0.6745139360427856,0.34281283617019653,0.45458753621150233,0.5963354831005737,0.32,0.753471851348877,0.49343064427375793,0.49109460367790414
seq0043__left_0053,seq0043,2.557953119277954,50.005340576171875,11.317887306213379,5.411331653594971,1.164637565612793,0.27970123291015625,0.6213912963867188,0.6299552917480469,0.6620978116989136,0.3501277267932892,0.4580378441552975,0.6050705491295029,0.32,0.7491322159767151,0.5074797868728638,0.49874560250489586
seq0043__left_0057,seq0043,2.506438732147217,47.6365852355957,11.040472984313965,5.489931583404541,1.1887789964675903,0.2946929931640625,0.6117401123046875,0.6253128051757812,0.6438689231872559,0.38663923740386963,0.4831499622601148,0.6167858215093175,0.32,0.7551150321960449,0.5212907791137695,0.51627271396999
seq0043__left_0061,seq0043,2.372478723526001,45.263832092285156,10.710389137268066,5.527829170227051,1.1918137073516846,0.32382965087890625,0.6104087829589844,0.6202011108398438,0.6353389620780945,0.38786008954048157,0.4816709443394339,0.6149804164655281,0.32,0.7655472159385681,0.5139060616493225,0.5168961983097018
seq0043__left_0065,seq0043,2.472883701324463,47.829673767089844,10.87961196899414,5.453239917755127,1.1735656261444092,0.31862640380859375,0.6112861633300781,0.6225471496582031,0.6113091111183167,0.38070324063301086,0.46920254414244905,0.6104737865734904,0.32,0.7603012323379517,0.5099762082099915,0.5078523190033434
seq0043__left_0069,seq0043,2.391707181930542,42.190208435058594,10.567021369934082,5.6514153480529785,1.241260051727295,0.3113975524902344,0.5988693237304688,0.6087684631347656,0.6234795451164246,0.4052755534648895,0.49123648197622866,0.6184974767882204,0.32,0.7604288458824158,0.5212146043777466,0.5242928004882678
seq0043__left_0073,seq0043,2.4228146076202393,42.083740234375,10.782957077026367,5.682516574859619,1.2569500207901,0.28330230712890625,0.5915412902832031,0.6055870056152344,0.611565113067627,0.38714712858200073,0.474141935166389,0.6101605177049726,0.32,0.7571203112602234,0.5109778642654419,0.507925714164199
seq0043__left_0077,seq0043,2.491196870803833,44.478355407714844,11.134766578674316,5.813612937927246,1.3049681186676025,0.2620201110839844,0.5821533203125,0.6035003662109375,0.6136029958724976,0.37313100695610046,0.4640648909733696,0.5968489884419645,0.32,0.7623962163925171,0.4903697669506073,0.49788535437898485
seq0043__left_0081,seq0043,2.3578805923461914,40.44822692871094,10.706448554992676,5.966424942016602,1.3496992588043213,0.28833770751953125,0.5833320617675781,0.5986442565917969,0.6358065009117126,0.386020690202713,0.48038350604006796,0.6065455884580537,0.32,0.7624959349632263,0.5035553574562073,0.5151000278989344
seq0043__left_0085,seq0043,2.3721275329589844,41.82655334472656,11.0314302444458,5.890017032623291,1.3264973163604736,0.2702293395996094,0.5746612548828125,0.5985870361328125,0.6300938725471497,0.37923747301101685,0.4734920975873647,0.598903210702739,0.32,0.7569230794906616,0.49546658992767334,0.5075623531580875
seq0043__left_0089,seq0043,2.373861789703369,40.7989616394043,10.995007514953613,5.953455448150635,1.3494315147399902,0.277618408203125,0.5725173950195312,0.5955390930175781,0.6261970400810242,0.3729743957519531,0.4674982776127379,0.5993638119198946,0.32,0.7601143717765808,0.4947360157966614,0.5033184829395643
seq0045__left_0001,seq0045,0.030122146010398865,0.04307185485959053,0.8356399536132812,0.08059249073266983,0.013545362278819084,0.9914629459381104,0.994761049747467,0.9965183138847351,0.8842794895172119,0.5564142465591431,0.6830399738495793,0.8047658508448318,0.02,0.8390471339225769,0.7731758952140808,0.6115776071970069
seq0045__left_0005,seq0045,0.04192395135760307,0.06459086388349533,0.9502414464950562,0.09309659898281097,0.018461361527442932,0.9912121891975403,0.9944101572036743,0.9955796599388123,0.9947916865348816,0.3947368562221527,0.5652002544108581,0.5652002544108581,0.08,0.9947916865348816,0.3947368562221527,0.3656571897392378
seq0045__left_0009,seq0045,0.05752643197774887,0.07333701103925705,0.9923880696296692,0.10270289331674576,0.02502124011516571,0.9914419054985046,0.994299054145813,0.9956510663032532,1.0,0.1933216154575348,0.3240058890300295,0.3240058890300295,0.08,1.0,0.1933216154575348,0.1809992830225457
seq0045__left_0013,seq0045,0.03770622983574867,0.06321106106042862,0.990231454372406,0.08999328315258026,0.016621271148324013,0.9911571741104126,0.9941293597221375,0.9956121444702148,1.0,0.30406853556632996,0.46633827482737217,0.6567929930426005,0.12,0.9800000190734863,0.49390244483947754,0.3443223674436349
seq0045__left_0017,seq0045,0.03857484087347984,0.05945169925689697,0.9398441314697266,0.08620016276836395,0.016935762017965317,0.991412341594696,0.9943199753761292,0.9959225654602051,0.9913793206214905,0.2681451737880707,0.4221173647640195,0.6280225128824972,0.12,0.9230769276618958,0.47590360045433044,0.3638835884889584
seq0045__left_0021,seq0045,0.03555886447429657,0.052634138613939285,0.9430490732192993,0.0819338858127594,0.015752224251627922,0.9918637871742249,0.9948391318321228,0.9962893128395081,0.9846153855323792,0.20930232107639313,0.34522025164500636,0.47619047619047616,0.12,1.0,0.3125,0.29884251621793656
seq0045__left_0025,seq0045,0.0416344590485096,0.05883575230836868,0.948176383972168,0.08585362881422043,0.01817527785897255,0.9919353723526001,0.9947764873504639,0.9961798787117004,1.0,0.20359280705451965,0.33830844760988577,0.571428577510678,0.16,1.0,0.4000000059604645,0.26397404976784333
seq0045__left_0029,seq0045,0.04059571027755737,0.06224656105041504,1.0120841264724731,0.08583725988864899,0.01778390444815159,0.9922345280647278,0.994469940662384,0.9961619973182678,1.0,0.12271062284708023,0.21859706383805033,0.3581057738959123,0.12,0.9333333373069763,0.2215568870306015,0.17165898087097878
seq0045__left_0033,seq0045,0.036503951996564865,0.05699899047613144,0.9936278462409973,0.08093687891960144,0.01605318672955036,0.992577075958252,0.9952079057693481,0.9964991807937622,0.9743589758872986,0.14760147035121918,0.2563670011238513,0.3528114614837154,0.12,0.8333333134651184,0.2237762212753296,0.18364350194318577
seq0045__left_0037,seq0045,0.03991265967488289,0.06046653911471367,1.034229040145874,0.08427471667528152,0.017477290704846382,0.9925127625465393,0.9952234029769897,0.9963880777359009,1.0,0.0422535203397274,0.08108107963205473,0.18613908115870145,0.02,0.9899799823760986,0.10272707045078278,0.06658845925786065
seq0045__left_0041,seq0045,0.042509857565164566,0.06230618804693222,1.0459798574447632,0.08686692267656326,0.018543792888522148,0.9867504239082336,0.9953421354293823,0.9966301918029785,0.9642857313156128,0.10561056435108185,0.19037127372513762,0.3257635238831424,0.02,0.9486277103424072,0.19664645195007324,0.13036460496802335
seq0045__left_0045,seq0045,0.04592658951878548,0.07315130531787872,1.1078146696090698,0.09132067114114761,0.019895166158676147,0.9886969327926636,0.9948793649673462,0.9961298108100891,0.9659090638160706,0.17112299799919128,0.29073807211894326,0.3633274876554466,0.02,0.9461588859558105,0.2248317301273346,0.21565547365659177
seq0045__left_0049,seq0045,0.04548167064785957,0.06767971813678741,1.0803570747375488,0.08755744993686676,0.01971328631043434,0.9918006658554077,0.9954206943511963,0.9968210458755493,1.0,0.17757008969783783,0.30158729616408986,0.4668989636189491,0.12,1.0,0.30454546213150024,0.24798648535104598
seq0045__left_0053,seq0045,0.04485659301280975,0.06362032145261765,1.0665839910507202,0.08540058881044388,0.01946871168911457,0.9916819930076599,0.9953110218048096,0.9966517090797424,0.9464285969734192,0.3110367953777313,0.46820233725247523,0.7096477340892143,0.16,0.9200000166893005,0.5775862336158752,0.4294539875847107
seq0045__left_0057,seq0045,0.04110182076692581,0.05774227902293205,1.0830721855163574,0.0814787968993187,0.018056271597743034,0.9927496910095215,0.9955485463142395,0.9973136782646179,0.9537953734397888,0.4042769968509674,0.5678600605091912,0.6046938810260473,0.02,0.9000656008720398,0.45528456568717957,0.42639368027060115
seq0045__left_0061,seq0045,0.04049018397927284,0.05713455379009247,1.0807915925979614,0.08055011928081512,0.017770323902368546,0.9918590784072876,0.9952704906463623,0.997321605682373,0.9619565010070801,0.3650282025337219,0.529231801303045,0.6175783384120449,0.02,0.9257119297981262,0.46334782242774963,0.4087696368313426
seq0045__left_0065,seq0045,0.04637661948800087,0.06507335603237152,1.119701623916626,0.08760342001914978,0.02014816552400589,0.9881181120872498,0.993493914604187,0.9972379207611084,0.9153439402580261,0.2845349609851837,0.43412273031801624,0.6320536561320115,0.02,0.9211283922195435,0.4810783863067627,0.3631432911483495
seq0045__left_0069,seq0045,0.05541158840060234,0.07946942001581192,1.166968584060669,0.09974369406700134,0.02361273765563965,0.9813528656959534,0.9895791411399841,0.9969133734703064,0.9384288787841797,0.23240315914154053,0.3725450431737049,0.6265940377687704,0.02,0.9251173138618469,0.47372815012931824,0.3556093172262704
seq0045__left_0073,seq0045,0.052930496633052826,0.0812588781118393,1.1762412786483765,0.09919288009405136,0.022449098527431488,0.9769805669784546,0.990088939666748,0.9967459440231323,0.9458598494529724,0.1790989637374878,0.3011710595830374,0.5501407513269857,0.02,0.9295681118965149,0.3906761407852173,0.2812109395345182
seq0045__left_0077,seq0045,0.046487852931022644,0.0688546672463417,1.1615431308746338,0.09021660685539246,0.019993165507912636,0.9725980758666992,0.9951016902923584,0.9974088668823242,0.9564102292060852,0.22741994261741638,0.3674627740053685,0.7131427861856415,0.02,0.9554501175880432,0.568873405456543,0.3417393348833765
seq0045__left_0081,seq0045,0.0466458834707737,0.07621513307094574,1.204466700553894,0.09280861169099808,0.01990443840622902,0.9648640155792236,0.9949480891227722,0.9971862435340881,0.9666666388511658,0.054744526743888855,0.10362077377954408,0.6052360671769438,0.02,0.9590378403663635,0.44212886691093445,0.16829908011963574
seq0045__left_0085,seq0045,0.05138007923960686,0.07762667536735535,1.1777836084365845,0.0952988788485527,0.021831082180142403,0.9566327333450317,0.9949933290481567,0.9971410632133484,0.9826086759567261,0.09205163270235062,0.16833362542657382,0.5915001829786561,0.02,0.9839917421340942,0.42283934354782104,0.1773544880427211
seq0045__left_0089,seq0045,0.052974633872509,0.08063551038503647,1.2192660570144653,0.09619685262441635,0.0225604847073555,0.9531665444374084,0.9953771829605103,0.9971721768379211,0.9836956262588501,0.12756498157978058,0.22584281951267185,0.6373298295276157,0.02,0.982830822467804,0.47155943512916565,0.2313795123314794
seq0045__left_0093,seq0045,0.05915262550115585,0.08552280068397522,1.2085446119308472,0.10044357925653458,0.025020914152264595,0.9452080130577087,0.9946553111076355,0.9970450401306152,0.9919354915618896,0.0904628336429596,0.16580457169633572,0.6156667627675351,0.02,0.9723062515258789,0.450444757938385,0.2558569506707161
seq0045__left_0097,seq0045,0.06050148233771324,0.09238792210817337,1.279151439666748,0.10172237455844879,0.02561688795685768,0.9450063109397888,0.9949393272399902,0.9968361854553223,0.96875,0.12301988899707794,0.2183161830473202,0.6851927424345309,0.02,0.9665679931640625,0.5307015180587769,0.26411498432990616
seq0045__left_0101,seq0045,0.05528216063976288,0.09470462054014206,1.368090271949768,0.09807569533586502,0.02368297427892685,0.9835841059684753,0.9945996403694153,0.9966982007026672,0.7730262875556946,0.17886178195476532,0.2905065494962988,0.7808277324033456,0.02,0.9379947185516357,0.6687709093093872,0.3113392714694692
seq0045__left_0105,seq0045,0.06853367388248444,0.09870007634162903,1.3933970928192139,0.1067950576543808,0.029552925378084183,0.9771254062652588,0.9949706196784973,0.9966660737991333,0.9373177886009216,0.2909362316131592,0.4440444741096817,0.8393055329196228,0.02,0.9227702021598816,0.7696872353553772,0.4274347517716404
seq0045__left_0109,seq0045,0.06268385052680969,0.08883976936340332,1.3188416957855225,0.09938523173332214,0.02705937996506691,0.9878404140472412,0.9950092434883118,0.9966175556182861,0.9490000009536743,0.46862950921058655,0.6274268438955334,0.8721506052681607,0.02,0.9219874739646912,0.8274251818656921,0.4747893755069855
seq0045__left_0113,seq0045,0.06375695019960403,0.09054844826459885,1.3398629426956177,0.09982568025588989,0.02754017524421215,0.9876509308815002,0.9952008128166199,0.9967209100723267,0.9826589822769165,0.3018805682659149,0.46187079542393567,0.834645065760909,0.02,0.9598361253738403,0.7383432388305664,0.4949095976415673
seq0045__left_0117,seq0045,0.06910096853971481,0.09321939200162888,1.3361625671386719,0.10262981802225113,0.02994430996477604,0.989227294921875,0.995496928691864,0.9969738125801086,0.9314814805984497,0.3620448112487793,0.5214243250415949,0.839833098350055,0.02,0.9398365020751953,0.7590647339820862,0.3891845001692856
seq0045__left_0121,seq0045,0.05908335745334625,0.08459672331809998,1.323470950126648,0.09482074528932571,0.025712566450238228,0.9909082055091858,0.9953809976577759,0.9968865513801575,0.9422180652618408,0.5438233017921448,0.689617598297028,0.8866003045027236,0.02,0.9333411455154419,0.8443176746368408,0.517088177235349
seq0045__left_0125,seq0045,0.05476761981844902,0.08136142045259476,1.3431620597839355,0.09072121232748032,0.023846831172704697,0.9909029006958008,0.9956092834472656,0.9971438646316528,0.847533643245697,0.6254180669784546,0.719728758490347,0.8939194299467023,0.02,0.9125969409942627,0.8759911060333252,0.5331966271067545
seq0045__left_0129,seq0045,0.05651134252548218,0.08882951736450195,1.3861273527145386,0.09276529401540756,0.024626169353723526,0.9908924102783203,0.9951460361480713,0.9968006014823914,0.9205729365348816,0.5344563722610474,0.6762833835550417,0.8877908686439079,0.02,0.9441307187080383,0.8377963900566101,0.4979803832476376
seq0045__left_0133,seq0045,0.05496368929743767,0.08477480709552765,1.3942179679870605,0.09198059141635895,0.024098901078104973,0.9912160634994507,0.9954069256782532,0.996869683265686,0.8904933929443359,0.5564996004104614,0.6849504035161139,0.882827742455061,0.02,0.9466108083724976,0.8270975351333618,0.4835512673285804
seq0045__left_0137,seq0045,0.06456736475229263,0.09368579834699631,1.4036195278167725,0.09993833303451538,0.02829263173043728,0.9904051423072815,0.9951006770133972,0.9968842267990112,0.8515151739120483,0.4028806686401367,0.5469708858806848,0.8404249643974788,0.02,0.9550702571868896,0.7503535747528076,0.45894603990053623
seq0045__left_0141,seq0045,0.06376812607049942,0.09667384624481201,1.4454541206359863,0.10035644471645355,0.027848396450281143,0.989214301109314,0.9949973225593567,0.9965870976448059,0.8969957232475281,0.34167763590812683,0.49485746322635216,0.8024456376410304,0.02,0.9629986882209778,0.6877779364585876,0.36275956775481144
seq0045__left_0145,seq0045,0.056147415190935135,0.08890978246927261,1.4346990585327148,0.09258696436882019,0.02454293705523014,0.9892717599868774,0.9949578642845154,0.9968824982643127,0.8866442441940308,0.5313273072242737,0.6644679130019313,0.8546004668334652,0.02,0.9455815553665161,0.7795905470848083,0.4603191422918158
seq0045__left_0149,seq0045,0.05821249634027481,0.08948975801467896,1.4336766004562378,0.09419547766447067,0.02541273646056652,0.9890441298484802,0.9952742457389832,0.9967932105064392,0.8835877776145935,0.5602669715881348,0.6857269383499607,0.8578551167509907,0.02,0.9407382607460022,0.7883941531181335,0.4892625679018946
seq0045__left_0153,seq0045,0.060507338494062424,0.08885828405618668,1.4139739274978638,0.09462656080722809,0.02641782909631729,0.9889160990715027,0.995384156703949,0.9970232248306274,0.870936930179596,0.5392313599586487,0.6660715725680001,0.8590648762149343,0.02,0.937975287437439,0.7924013733863831,0.4863720157834341
seq0045__left_0157,seq0045,0.05281946808099747,0.08052997291088104,1.3929730653762817,0.08850590139627457,0.0231329295784235,0.9905388355255127,0.995574951171875,0.9971211552619934,0.845059871673584,0.6247076988220215,0.7183658401471253,0.8730503739422192,0.02,0.9248045086860657,0.8267818093299866,0.5368966474720513
seq0045__left_0161,seq0045,0.06099789962172508,0.09295780956745148,1.4613940715789795,0.09687098115682602,0.026562795042991638,0.9878088235855103,0.9954891204833984,0.9968748092651367,0.8075187802314758,0.6631036996841431,0.7282204618096714,0.8782820946213065,0.02,0.9125975370407104,0.8464537858963013,0.5772137487288652
seq0045__left_0165,seq0045,0.05593739449977875,0.08634159713983536,1.4365601539611816,0.09259440749883652,0.02441490814089775,0.9879964590072632,0.995438814163208,0.9970009326934814,0.8175551295280457,0.6967741847038269,0.7523479912508795,0.8772666597306011,0.02,0.9051094651222229,0.8510857224464417,0.5388883612656375
seq0045__left_0169,seq0045,0.06134801730513573,0.09515032172203064,1.4936338663101196,0.09786176681518555,0.026690686121582985,0.9864163994789124,0.9954819679260254,0.996828556060791,0.8273480534553528,0.6815999746322632,0.7474351690719425,0.8472081623220739,0.02,0.8978127241134644,0.802003800868988,0.5443342943994897
seq0045__left_0173,seq0045,0.07074594497680664,0.11510024219751358,1.5811365842819214,0.1103464737534523,0.030695347115397453,0.9749130010604858,0.9944120049476624,0.9964045882225037,0.8519480228424072,0.3520408272743225,0.49821140241803136,0.7420289207711048,0.02,0.950697660446167,0.6084747314453125,0.3528010106535762
seq0045__left_0177,seq0045,0.06509128957986832,0.11900152266025543,1.5248770713806152,0.10835276544094086,0.027727100998163223,0.9768844246864319,0.9929444193840027,0.9946662187576294,0.8316524624824524,0.5417582392692566,0.6561104747236607,0.813706380422205,0.02,0.9538099765777588,0.7094904780387878,0.4585185530525896
seq0045__left_0181,seq0045,0.07287067174911499,0.13790258765220642,1.592952013015747,0.1203368529677391,0.03067426010966301,0.9664139747619629,0.9884461760520935,0.99210125207901,0.8185139894485474,0.4688672125339508,0.596209377706917,0.8124306893570175,0.02,0.9413036704063416,0.7145960330963135,0.42644142221982845
seq0045__left_0185,seq0045,0.07505012303590775,0.12030167877674103,1.5571873188018799,0.1221897155046463,0.03201093524694443,0.9760019183158875,0.9866653084754944,0.9926846623420715,0.8266465067863464,0.5200876593589783,0.6384758887677815,0.836995218074185,0.02,0.9222777485847473,0.7661497592926025,0.5273813026602776
seq0045__left_0189,seq0045,0.09620678424835205,0.15083317458629608,1.5303479433059692,0.1467226892709732,0.039963457733392715,0.9672912955284119,0.9816325902938843,0.9832102060317993,0.9074923396110535,0.4748201370239258,0.6234417243939382,0.8104715928718822,0.02,0.9457403421401978,0.7090557217597961,0.45620642596912697
seq0045__left_0193,seq0045,0.10110806673765182,0.16632385551929474,1.5318241119384766,0.1606091856956482,0.041292257606983185,0.9582939743995667,0.9758602976799011,0.9772588610649109,0.9009608030319214,0.46302759647369385,0.6116910016186135,0.8414851900791082,0.02,0.9457433819770813,0.7579312920570374,0.5589907772049572
seq0045__left_0197,seq0045,0.11204303056001663,0.18641182780265808,1.4552608728408813,0.17515961825847626,0.04465704783797264,0.9477093815803528,0.9694765210151672,0.9713282585144043,0.9506173133850098,0.38223034143447876,0.5452307755576002,0.7940389551099181,0.02,0.978868305683136,0.6679222583770752,0.5918653532075535
